file_name,energy_per_atom,force,stress,magmom
property_prediction/example_data/cifs/Al.cif,[[-3.6643398]],"[[-1.4901161e-08  1.3858080e-06 -4.3120235e-07]
 [-9.3132257e-10 -8.6519867e-07  1.0430813e-07]
 [ 6.9150701e-07 -1.6763806e-08  1.2293458e-06]
 [-6.6123903e-07 -4.8521906e-07 -9.0338290e-07]]","[[-1.2588882e-01  4.2487745e-06  8.6164600e-06]
 [ 4.4294275e-06 -1.2588955e-01 -6.6498583e-06]
 [ 8.8680017e-06 -6.6590051e-06 -1.2589219e-01]]","[[0.02061005]
 [0.02061002]
 [0.02060978]
 [0.02060993]]"
property_prediction/example_data/cifs/AlCu.cif,[[-4.118485]],"[[ 4.1117892e-07 -4.4133049e-07  2.0021107e-06]
 [-5.2160695e-03  4.0400606e-03  1.6855899e-02]
 [ 5.2174702e-03 -4.0380079e-03 -1.6858250e-02]
 [-1.5204746e-02 -7.6037906e-03  5.5945456e-02]
 [ 1.5203571e-02  7.6041333e-03 -5.5943772e-02]
 [ 4.8428774e-08 -1.0426156e-06 -5.3364784e-07]
 [ 3.8307473e-02 -9.5896043e-02 -6.1208583e-02]
 [-3.8307074e-02  9.5897190e-02  6.1209716e-02]
 [ 2.5706176e-02 -1.8066719e-02 -3.9052561e-02]
 [-2.5707349e-02  1.8064771e-02  3.9050829e-02]]","[[-3.7951264   0.01920414  0.23555437]
 [ 0.01920349 -2.4701474  -0.23675922]
 [ 0.23555323 -0.23675986 -4.492184  ]]","[[0.00778838]
 [0.01051749]
 [0.01051739]
 [0.01494901]
 [0.01494877]
 [0.01929218]
 [0.01869392]
 [0.01869386]
 [0.01622796]
 [0.01622802]]"
property_prediction/example_data/cifs/mp-18767-LiMnO2.cif,[[-7.367691]],"[[-1.4901161e-08 -4.2142347e-08  2.3821428e-02]
 [-2.9802322e-08  2.9685907e-08 -2.3822412e-02]
 [ 2.6822090e-07 -1.3038516e-07  9.2583150e-02]
 [ 1.1920929e-07  1.1175871e-08 -9.2581131e-02]
 [-5.9604645e-08  2.3283064e-08 -2.4323463e-03]
 [ 1.0132790e-06 -2.0703301e-06 -1.3078392e-02]
 [-1.3113022e-06  2.0330772e-06  1.3077289e-02]
 [-5.9604645e-08  5.3085387e-08  2.4323836e-03]]","[[-3.0404767e-01 -3.9735078e-06  1.2365246e-06]
 [-3.2817538e-06  2.2306754e-01  6.0997813e-06]
 [ 3.0538124e-06  6.8471963e-06 -1.0721654e-01]]","[[3.0493736e-03]
 [3.0493736e-03]
 [3.8694177e+00]
 [3.8694177e+00]
 [4.4135526e-02]
 [3.8622051e-02]
 [3.8622051e-02]
 [4.4135392e-02]]"
