names,formulas,pred_ehull,label_ehull
Mo2Cl2_129_11596.vasp.cif,Mo2Cl2,0.8031594157218933,1.6444803476333618
Cr1H1O2_156_4183.vasp.cif,CrHO2,0.27544811367988586,0.07725179195404053
Nb1Ga1S2Br2_6_12510.vasp.cif,NbGaS2Br2,0.32955360412597656,0.2065386176109314
Sr1Ge2_164_17051.vasp.cif,SrGe2,1.0393561124801636,0.968151867389679
Zr1Se1O1_156_21441.vasp.cif,ZrSeO,0.31021222472190857,0.2872180938720703
Hf1P2S6F2_164_7258.vasp.cif,HfP2S6F2,0.28935348987579346,0.45257318019866943
Mn1Nb1I2O1_1_10805.vasp.cif,MnNbI2O,0.3447200059890747,0.03166350722312927
Ga2Co2Se5_164_6336.vasp.cif,Ga2Co2Se5,0.12011010944843292,0.03692298009991646
P4S8_11_14119.vasp.cif,P4S8,0.16959546506404877,0.20949819684028625
Mn1Te1O4_10_10906.vasp.cif,MnTeO4,0.24405799806118011,0.2817414402961731
Na2Cd4Se2I6O6_31_12038.vasp.cif,Na2Cd4Se2I6O6,0.11348594725131989,0.1409151703119278
Ta2Os2S8_11_17818.vasp.cif,Ta2Os2S8,0.17874112725257874,0.2352948635816574
B1Mo2O2_164_1626.vasp.cif,BMo2O2,0.9175696969032288,1.2920408248901367
Co2Te6As2_162_4050.vasp.cif,Co2Te6As2,0.17226919531822205,0.21506181359291077
Y2Br2O2_129_20699.vasp.cif,Y2Br2O2,0.10419318079948425,0.03475344553589821
Zr4N3F2_164_21831.vasp.cif,Zr4N3F2,0.10099052637815475,0.05159956216812134
Ta4Sn2Te8_55_18118.vasp.cif,Ta4Sn2Te8,-0.19709976017475128,-0.35239940881729126
Sr3Cu2Br2O4_123_17366.vasp.cif,Sr3Cu2Br2O4,0.004762163385748863,0.11154250055551529
Ni2Te1Ir1O8_1_13653.vasp.cif,Ni2TeIrO8,0.059081144630908966,0.1284542977809906
Ba2Tl1Ag1Hg1S5_99_2075.vasp.cif,Ba2TlAgHgS5,0.2399059683084488,0.2964334189891815
Ba1Ti4O8_162_1871.vasp.cif,BaTi4O8,0.2932945489883423,0.3478965163230896
Sn2Cl2_164_16761.vasp.cif,Sn2Cl2,-0.8041343688964844,-0.6481488943099976
Cr2Sb2O6_162_4479.vasp.cif,Cr2Sb2O6,0.12098188698291779,0.03330274298787117
Ga1Cl2_164_6149.vasp.cif,GaCl2,0.17594149708747864,0.3594885766506195
W1O2_164_20442.vasp.cif,WO2,0.3694426417350769,0.46235886216163635
Be2Cl4_2_2248.vasp.cif,Be2Cl4,0.13802401721477509,0.204246386885643
Na2Cd4Se2S6Br6_31_12040.vasp.cif,Na2Cd4Se2S6Br6,0.28822004795074463,0.2915109694004059
Cu2H8C4N16O4_2_5142.vasp.cif,Cu2H8C4N16O4,-1.5728462934494019,-0.07019560039043427
Hf1Au1Br1Cl1O3_1_7111.vasp.cif,HfAuBrClO3,0.2851416766643524,0.5630446076393127
Pb2Se2Cl2_59_14286.vasp.cif,Pb2Se2Cl2,0.27617859840393066,0.1940132975578308
Sn2S2Br1Cl1_6_16835.vasp.cif,Sn2S2BrCl,0.21525336802005768,0.18583381175994873
Tl1Ge1S2Br2_1_19276.vasp.cif,TlGeS2Br2,0.2513944208621979,0.2520847022533417
Zn2In2S5_156_21111.vasp.cif,Zn2In2S5,0.1369975060224533,0.14204256236553192
Ta4Te12Br2_2_18122.vasp.cif,Ta4Te12Br2,0.07346480339765549,0.12312648445367813
B2N6_164_1686.vasp.cif,B2N6,0.3938255310058594,0.2725914716720581
Cd2Se2Cl2_59_3569.vasp.cif,Cd2Se2Cl2,0.18935491144657135,0.12067598849534988
Sb12S12_7_15418.vasp.cif,Sb12S12,0.09509136527776718,0.3204088807106018
Nb2O2_6_12794.vasp.cif,Nb2O2,0.722094714641571,0.5574826598167419
Tc1Cl2_164_18218.vasp.cif,TcCl2,0.3310941755771637,0.5143744945526123
Zr2Tl4S6_11_21729.vasp.cif,Zr2Tl4S6,0.20559732615947723,0.08943195641040802
Hf1Br2_115_7129.vasp.cif,HfBr2,0.2521825134754181,0.5846307277679443
Bi2Sb2S6_157_2527.vasp.cif,Bi2Sb2S6,-0.33383920788764954,-0.31112244725227356
Ag2Te6P2_147_487.vasp.cif,Ag2Te6P2,0.25508254766464233,0.3342379629611969
Cr2Pd1Se4_164_4461.vasp.cif,Cr2PdSe4,0.032805316150188446,0.11863434314727783
Ge3Bi1Br3O5_1_6904.vasp.cif,Ge3BiBr3O5,0.054383374750614166,0.11824264377355576
Cu2Se2_129_5303.vasp.cif,Cu2Se2,0.1067063957452774,0.1834404021501541
Pd2Cl2O2_59_14410.vasp.cif,Pd2Cl2O2,0.20068980753421783,0.13925954699516296
Mo2F4_14_11606.vasp.cif,Mo2F4,0.6861699223518372,0.29096052050590515
In2Br6_26_8395.vasp.cif,In2Br6,0.07314812391996384,0.148367777466774
Fe1H4C8I2_25_5707.vasp.cif,FeH4C8I2,0.5773016810417175,0.40107133984565735
Tb2Br6_162_18185.vasp.cif,Tb2Br6,0.06887631118297577,0.0545552521944046
V1Ag1O2_156_19756.vasp.cif,VAgO2,0.11715984344482422,0.28765934705734253
Ta4Pt2S14_11_18092.vasp.cif,Ta4Pt2S14,0.07869180291891098,0.1113765761256218
Cu2Te3O8_5_5344.vasp.cif,Cu2Te3O8,0.20490995049476624,0.36015674471855164
Li4Mn4F16_14_10202.vasp.cif,Li4Mn4F16,-0.03920894116163254,-0.3097412884235382
Sm2S6_129_16583.vasp.cif,Sm2S6,0.30906277894973755,0.1954367309808731
Cu2Sb2O4_26_5264.vasp.cif,Cu2Sb2O4,0.2638976573944092,0.7704152464866638
Te2H4O8_14_18383.vasp.cif,Te2H4O8,0.062025681138038635,0.05056259408593178
Ni2Mo2Cl2O8_129_13535.vasp.cif,Ni2Mo2Cl2O8,0.052625663578510284,0.07910420000553131
Ni2Bi2Cl2O4_10_13465.vasp.cif,Ni2Bi2Cl2O4,0.25853344798088074,0.21578308939933777
Hf1I4_123_7202.vasp.cif,HfI4,0.13495373725891113,0.32292723655700684
Li2O2F2_129_10031.vasp.cif,Li2O2F2,0.46178576350212097,0.572134256362915
Sn1O2_115_16660.vasp.cif,SnO2,0.3466395139694214,0.5500609278678894
In1Si1Te2_1_8351.vasp.cif,InSiTe2,-0.15562750399112701,0.12715396285057068
Co2W2S8F2_129_4058.vasp.cif,Co2W2S8F2,0.6021847724914551,0.726667582988739
K4Cd1As2_164_9423.vasp.cif,K4CdAs2,0.1368301957845688,0.09681481868028641
Y2S2Cl2_164_20772.vasp.cif,Y2S2Cl2,0.1874828040599823,0.11313275992870331
Cu2Se4O10_51_5311.vasp.cif,Cu2Se4O10,0.05812472105026245,0.09361676871776581
Ni2W2Br2O8_129_13684.vasp.cif,Ni2W2Br2O8,0.03718508780002594,-0.020697087049484253
Si1Se1_123_16364.vasp.cif,SiSe,0.20792734622955322,0.603689432144165
Ba2C4S4O12F12_13_1934.vasp.cif,Ba2C4S4O12F12,0.22028906643390656,0.18426547944545746
In2Pb2Cl6_11_8525.vasp.cif,In2Pb2Cl6,0.11173760890960693,0.12125236541032791
Ga2P2_164_6430.vasp.cif,Ga2P2,0.079199880361557,-0.5239320397377014
Cr2C1_164_4346.vasp.cif,Cr2C,0.48624101281166077,0.39714351296424866
Ge2Sb2S6_147_6854.vasp.cif,Ge2Sb2S6,0.10624672472476959,0.3286625146865845
Li4Te4O8_13_10231.vasp.cif,Li4Te4O8,0.08500837534666061,0.3010070025920868
Ta13Te26_2_17503.vasp.cif,Ta13Te26,0.08090564608573914,0.08472171425819397
Os2S2_129_13869.vasp.cif,Os2S2,0.7202596664428711,0.7855640053749084
W2I4O4_26_20502.vasp.cif,W2I4O4,-0.1471814215183258,0.00743517791852355
Te1Mo1Rh1S1_25_18301.vasp.cif,TeMoRhS,0.7312719821929932,0.49039021134376526
Gd2N2O10_4_6621.vasp.cif,Gd2N2O10,0.168539360165596,0.14467470347881317
Ni2I4_2_13526.vasp.cif,Ni2I4,0.12713979184627533,0.05015203356742859
Hg1Te2_115_7919.vasp.cif,HgTe2,0.36360999941825867,0.3831714391708374
U2Br2O4_51_19701.vasp.cif,U2Br2O4,0.08878642320632935,0.00039740398642607033
Lu2C1Br2_164_10304.vasp.cif,Lu2CBr2,0.06823460012674332,0.042525891214609146
Ta2Fe4S6_11_17732.vasp.cif,Ta2Fe4S6,0.6924006342887878,0.47275009751319885
Ca1Ta2S7_123_2892.vasp.cif,CaTa2S7,0.35349035263061523,0.35845622420310974
Nb2Co4Se4_51_12698.vasp.cif,Nb2Co4Se4,0.04487329721450806,0.12365667521953583
Al3Co1_187_1046.vasp.cif,Al3Co,1.2689247131347656,1.2596476078033447
Na2Ta2Br12_4_12309.vasp.cif,Na2Ta2Br12,0.0711100846529007,-0.12115877866744995
Mn4C3F2_164_11426.vasp.cif,Mn4C3F2,0.32234248518943787,0.2683660686016083
Al2S2Br2_31_933.vasp.cif,Al2S2Br2,0.052802011370658875,0.013535198755562305
K2H6Pt1O6_147_9155.vasp.cif,K2H6PtO6,0.10443240404129028,0.05147901549935341
Sc2Te5S13_1_16184.vasp.cif,Sc2Te5S13,0.3296789526939392,0.3346722722053528
Ho1As2_21_8113.vasp.cif,HoAs2,0.604941725730896,0.6272493004798889
Nb3N2_187_12989.vasp.cif,Nb3N2,0.2531685531139374,0.6220396161079407
Th1Rh5_65_18721.vasp.cif,ThRh5,1.476320505142212,2.7111189365386963
Li2Fe1_187_9902.vasp.cif,Li2Fe,0.8349605798721313,1.2260733842849731
Cu2Sb4O3F2_6_5274.vasp.cif,Cu2Sb4O3F2,0.5824487209320068,0.8395496606826782
Mn1Nb1Se4_25_10814.vasp.cif,MnNbSe4,0.27950671315193176,0.002914340468123555
As4Pd2_11_1349.vasp.cif,As4Pd2,0.5352728962898254,0.4860314726829529
Tl1Br2_115_19229.vasp.cif,TlBr2,0.2276485711336136,0.28399354219436646
Cr1Sb1Br2_5_4253.vasp.cif,CrSbBr2,0.4818889796733856,0.2959633469581604
Ba2Ag1Te2I2_38_1896.vasp.cif,Ba2AgTe2I2,0.19837813079357147,0.23733466863632202
Al2Te4Pd1_164_1017.vasp.cif,Al2Te4Pd,0.12443876266479492,0.10667968541383743
Cu1Mo1F6_2_4918.vasp.cif,CuMoF6,-0.004821114242076874,0.08648372441530228
Cr2Se4_11_4504.vasp.cif,Cr2Se4,0.11030924320220947,0.028888870030641556
Mo2As2O10_85_11560.vasp.cif,Mo2As2O10,0.09950455278158188,0.17996704578399658
Ag2S4Cl2_1_389.vasp.cif,Ag2S4Cl2,0.16779957711696625,0.10719141364097595
Bi4Te2Br2O9_99_2649.vasp.cif,Bi4Te2Br2O9,0.1841759979724884,0.19406864047050476
Ag4Ru4F28_14_539.vasp.cif,Ag4Ru4F28,0.05883100628852844,0.017344869673252106
H8Pd1C4N2O4_10_7095.vasp.cif,H8PdC4N2O4,0.20428667962551117,0.3134882152080536
Cr2Br10_2_4329.vasp.cif,Cr2Br10,0.08475073426961899,-0.09080095589160919
Co3Te1O8_164_4074.vasp.cif,Co3TeO8,-0.3361395001411438,-0.20892848074436188
Cs2H6C6O6_4_4721.vasp.cif,Cs2H6C6O6,0.18532763421535492,0.19859525561332703
Cd1Te1_123_3435.vasp.cif,CdTe,-0.24859754741191864,-0.1580296903848648
Ni4I8_14_13748.vasp.cif,Ni4I8,0.14734084904193878,-0.09161394089460373
As6O12F2_4_1384.vasp.cif,As6O12F2,0.3597591817378998,0.38445255160331726
Sr1Cu2S8_89_17044.vasp.cif,SrCu2S8,0.2802222669124603,0.17081741988658905
Ca4Ce2_51_3208.vasp.cif,Ca4Ce2,1.0215065479278564,1.0686813592910767
Zn2W2O5_6_21192.vasp.cif,Zn2W2O5,0.2652847170829773,0.32828328013420105
Ag4Te4O12_11_576.vasp.cif,Ag4Te4O12,0.2128099948167801,0.1977306306362152
Cu1Sb1P2Se6_143_4963.vasp.cif,CuSbP2Se6,0.13240019977092743,0.10205131024122238
Hg4Br4O12_13_8068.vasp.cif,Hg4Br4O12,0.0996890515089035,0.31995365023612976
Ni2F6_191_13506.vasp.cif,Ni2F6,-0.017550617456436157,0.44841086864471436
Li1V1O2F2_1_9808.vasp.cif,LiVO2F2,0.07214635610580444,0.13387459516525269
Ba2Al4Cl16_13_1898.vasp.cif,Ba2Al4Cl16,0.11670920252799988,0.040972623974084854
Hf3B2S2F2_187_7683.vasp.cif,Hf3B2S2F2,0.9118056893348694,0.8371291756629944
Na2Hg4S6Cl6O2_31_12156.vasp.cif,Na2Hg4S6Cl6O2,0.2954118847846985,0.4033547639846802
Te8Os4_3_18703.vasp.cif,Te8Os4,-0.2775142192840576,-0.11770249903202057
W3C2F2_187_20557.vasp.cif,W3C2F2,0.1826120764017105,0.20458485186100006
Yb2Se2F2_164_20886.vasp.cif,Yb2Se2F2,-0.562471330165863,-0.5306942462921143
Y4Br10_11_20809.vasp.cif,Y4Br10,0.09472593665122986,0.08492889255285263
Na2C2O6F2_4_11998.vasp.cif,Na2C2O6F2,0.2077663689851761,0.1386265754699707
Zn1N1F2_1_20975.vasp.cif,ZnNF2,0.31553131341934204,0.8247805833816528
Mn2Se2O8_31_11279.vasp.cif,Mn2Se2O8,0.059016816318035126,0.13351869583129883
P2S2_8_14045.vasp.cif,P2S2,0.5390371680259705,0.5062727928161621
Ni2Cl2O4_11_13493.vasp.cif,Ni2Cl2O4,-0.054330870509147644,-0.16846363246440887
W4N3_164_20586.vasp.cif,W4N3,-0.6040646433830261,-0.46746668219566345
Li2C2S2N2_11_9849.vasp.cif,Li2C2S2N2,0.237761452794075,-0.19615115225315094
Cu4S2I2Br2O1_1_5443.vasp.cif,Cu4S2I2Br2O,0.15109018981456757,0.3538006842136383
Nb2Se2Cl2_59_12870.vasp.cif,Nb2Se2Cl2,-0.0652524083852768,-0.16039526462554932
K2Mg1H4S2O8_2_9216.vasp.cif,K2MgH4S2O8,0.05911840498447418,0.10355903953313828
Sr2Co4Te6Cl4O16_17_17194.vasp.cif,Sr2Co4Te6Cl4O16,-0.04187837243080139,-0.12173081934452057
Tl4Te4I4_14_19635.vasp.cif,Tl4Te4I4,0.44040417671203613,0.45024222135543823
Y7Cl10_2_20848.vasp.cif,Y7Cl10,0.15688811242580414,0.1261248141527176
Zr1Zn1P2S5Cl1_1_21494.vasp.cif,ZrZnP2S5Cl,0.1548486053943634,0.22640232741832733
Mn1Co1Br2O1_1_10667.vasp.cif,MnCoBr2O,0.1596337854862213,0.10513598471879959
Nb2Se6_59_12887.vasp.cif,Nb2Se6,0.17167764902114868,0.07834452390670776
Zr1Pt1I2N2_1_21404.vasp.cif,ZrPtI2N2,0.1959623247385025,0.2177274376153946
Zr1Sc1S1I2O1_6_21435.vasp.cif,ZrScSI2O,0.15091483294963837,0.2027149647474289
C12N4_5_2717.vasp.cif,C12N4,0.3785562217235565,0.8789131045341492
Zn1Ir1Au2O4_1_20970.vasp.cif,ZnIrAu2O4,0.9985195398330688,0.8544192314147949
Cr2Te2N1_164_4523.vasp.cif,Cr2Te2N,0.0034055132418870926,-0.009207534603774548
Ir2I8_1_8793.vasp.cif,Ir2I8,0.1593952476978302,0.17041859030723572
Pd1N2_47_14370.vasp.cif,PdN2,-0.26509010791778564,-0.2240608036518097
Ni2Cl2O2_59_13492.vasp.cif,Ni2Cl2O2,-0.3778805136680603,-0.34163162112236023
H2W2_164_7035.vasp.cif,H2W2,1.3429138660430908,1.463941216468811
Li2Cu2O2_51_9889.vasp.cif,Li2Cu2O2,0.9323943853378296,0.7282949090003967
Ca1H2Se2_5_2846.vasp.cif,CaH2Se2,0.49346020817756653,0.653153657913208
B4Sb4O12_14_1766.vasp.cif,B4Sb4O12,0.0996667742729187,0.08527117222547531
Au4S4_2_1590.vasp.cif,Au4S4,0.1762421727180481,0.0924077033996582
Y7Br10_2_20847.vasp.cif,Y7Br10,0.11492697894573212,0.10063929110765457
W2N2_12_20514.vasp.cif,W2N2,-0.020788712427020073,-0.6808691024780273
Ca2H8O6_26_3042.vasp.cif,Ca2H8O6,0.13093411922454834,0.06506817787885666
Bi2Cl2O2_59_2443.vasp.cif,Bi2Cl2O2,0.24099452793598175,0.2595183253288269
Tc4Cl10_13_18245.vasp.cif,Tc4Cl10,0.1704353541135788,0.49905622005462646
Hg2S2N2Cl2O6_26_7997.vasp.cif,Hg2S2N2Cl2O6,0.21810559928417206,0.4331052601337433
Nb2V2S10_11_12937.vasp.cif,Nb2V2S10,-0.010471971705555916,0.006867344956845045
Ga1Ir1Pd1Rh1S5Br3_1_6205.vasp.cif,GaIrPdRhS5Br3,0.12763679027557373,0.1872413605451584
Hf2F4_11_7489.vasp.cif,Hf2F4,0.45702672004699707,0.4998544156551361
Be2As1_25_2237.vasp.cif,Be2As,0.5502200722694397,0.8831231594085693
Li1In1P2O6_5_9731.vasp.cif,LiInP2O6,0.2702617347240448,0.23098529875278473
Nb4Se2Br2O2_1_13150.vasp.cif,Nb4Se2Br2O2,0.09905897825956345,-0.11253873258829117
Yb2Br2O2_129_20862.vasp.cif,Yb2Br2O2,-0.5422487258911133,-1.193304181098938
Ni1Ir1Br2Cl4_1_13365.vasp.cif,NiIrBr2Cl4,0.014730969443917274,0.019288979470729828
Ir2N2Cl2_59_8794.vasp.cif,Ir2N2Cl2,0.21423043310642242,0.33310291171073914
Mn1Ag1Br4Cl2_1_10608.vasp.cif,MnAgBr4Cl2,0.129196435213089,0.11197744309902191
Zr1Ni1H6_5_21375.vasp.cif,ZrNiH6,0.806441605091095,0.8962203860282898
Ge1Os1S2I4_1_6686.vasp.cif,GeOsS2I4,0.396508127450943,0.5107269883155823
Nb1Cl1F1_156_12486.vasp.cif,NbClF,0.599789559841156,0.38940632343292236
Hf2Te2Cl2_59_7632.vasp.cif,Hf2Te2Cl2,0.156845360994339,0.06483826041221619
Ge1Bi2Te4_164_6651.vasp.cif,GeBi2Te4,-0.09119125455617905,-0.21397918462753296
Al1Te6P2Au1_149_750.vasp.cif,AlTe6P2Au,0.23636884987354279,0.08893643319606781
Pd2F6_191_14425.vasp.cif,Pd2F6,0.08019766211509705,0.5439505577087402
Cu4S4O12_14_5459.vasp.cif,Cu4S4O12,0.23440702259540558,0.43142595887184143
V1Ag1S1Br1_8_19759.vasp.cif,VAgSBr,0.14300182461738586,0.5344909429550171
Ni2P2O7_10_13561.vasp.cif,Ni2P2O7,0.10597458481788635,0.05495770648121834
Ag2S5_21_396.vasp.cif,Ag2S5,0.24609361588954926,0.45622313022613525
Mn2As4_187_10987.vasp.cif,Mn2As4,0.3525722324848175,1.066331386566162
Ru2S4_11_15347.vasp.cif,Ru2S4,0.2542537450790405,0.2009015828371048
Sr2Tl1Cd1Ag1S5_99_17333.vasp.cif,Sr2TlCdAgS5,0.19812406599521637,0.2306309938430786
Rh1Br2_164_15144.vasp.cif,RhBr2,0.48940137028694153,0.4053446352481842
Nb1Cl2_115_12487.vasp.cif,NbCl2,0.4419434070587158,0.5698416233062744
Cu4Te2O12_14_5478.vasp.cif,Cu4Te2O12,0.25999146699905396,0.30962270498275757
Sr2Li2_11_17272.vasp.cif,Sr2Li2,0.8388139605522156,0.36746248602867126
Ca2La2I10_51_3061.vasp.cif,Ca2La2I10,0.07470309734344482,0.1745705008506775
Mo2I2O2_59_11622.vasp.cif,Mo2I2O2,0.2784958779811859,0.25926947593688965
Tl2Se2_164_19530.vasp.cif,Tl2Se2,0.3468630313873291,0.2655063569545746
Zr3Nb1Br8_65_21776.vasp.cif,Zr3NbBr8,0.34059956669807434,0.4344164729118347
Nb2Ni4Te2Se2_51_12789.vasp.cif,Nb2Ni4Te2Se2,0.0915609672665596,0.005695405416190624
As12Au2_31_1120.vasp.cif,As12Au2,0.26165372133255005,0.31862151622772217
Mn2P2Se6_147_11203.vasp.cif,Mn2P2Se6,0.08814512193202972,0.027007512748241425
B4F4_57_1753.vasp.cif,B4F4,0.24960990250110626,0.3104325532913208
Ni2Se1Cl5_8_13626.vasp.cif,Ni2SeCl5,0.08542534708976746,0.0728115513920784
Nb4S6_11_13145.vasp.cif,Nb4S6,-0.08337542414665222,-0.1689305603504181
Ba1Cl2_187_1819.vasp.cif,BaCl2,0.2961360216140747,0.40810900926589966
Al8Te12_4_1115.vasp.cif,Al8Te12,-0.06841837614774704,0.07509001344442368
Co2Se2_129_4022.vasp.cif,Co2Se2,0.1865161508321762,0.19894883036613464
Mn2Mo2Se2O12_113_11148.vasp.cif,Mn2Mo2Se2O12,0.17400865256786346,0.021612882614135742
Th4F16_14_18733.vasp.cif,Th4F16,0.2355244904756546,0.18532854318618774
Pt2Cl6_164_14618.vasp.cif,Pt2Cl6,0.3710496425628662,0.5638177394866943
Hg2Au2Se2F2_26_7932.vasp.cif,Hg2Au2Se2F2,0.40345436334609985,0.3179941773414612
Sc1Nb1Cl2O1_1_15958.vasp.cif,ScNbCl2O,0.28416240215301514,0.47071942687034607
V2Cu2Sb4Te12_13_20053.vasp.cif,V2Cu2Sb4Te12,0.2535404562950134,0.31851673126220703
Ca2I4_2_3056.vasp.cif,Ca2I4,0.16796867549419403,0.3916030526161194
Cu4S16Br4N16_14_5441.vasp.cif,Cu4S16Br4N16,0.16471415758132935,-0.09679041802883148
Ag2O4F2_11_340.vasp.cif,Ag2O4F2,0.2585875391960144,0.18041813373565674
Zn2Te2W2O12_18_21183.vasp.cif,Zn2Te2W2O12,0.030416687950491905,0.036509107798337936
Nb3Pt3Se14_6_12996.vasp.cif,Nb3Pt3Se14,0.1958438605070114,0.08972559124231339
Sb3Pt1Se1S2Br4O1_1_15757.vasp.cif,Sb3PtSeS2Br4O,0.2045087218284607,-0.02388397976756096
Au3S2Br2_2_1562.vasp.cif,Au3S2Br2,0.1629537045955658,0.10632672160863876
Fe4N3O2_164_6083.vasp.cif,Fe4N3O2,0.6943724751472473,0.5128808617591858
Nb1Sn1S2I2_8_12588.vasp.cif,NbSnS2I2,0.12295794486999512,0.00023193722881842405
Ga1Pt5Cl2_38_6251.vasp.cif,GaPt5Cl2,0.349605530500412,0.255673885345459
Ir3Pt1Br1N1Cl3O1_1_8856.vasp.cif,Ir3PtBrNCl3O,0.8312875032424927,0.832063615322113
Sr2Pb4Cl12_2_17298.vasp.cif,Sr2Pb4Cl12,0.0671679824590683,0.056981004774570465
As2S2_129_1292.vasp.cif,As2S2,0.4696529805660248,0.5820977091789246
Mn2Ni1B6N6_150_11167.vasp.cif,Mn2NiB6N6,0.47638529539108276,1.4380556344985962
Zr3H2C2O2_187_21762.vasp.cif,Zr3H2C2O2,0.265196293592453,0.31499046087265015
Ta2S4Br4_12_17858.vasp.cif,Ta2S4Br4,0.1712849885225296,0.07607188075780869
Ta2I1N1Cl1_8_17753.vasp.cif,Ta2INCl,0.5430299639701843,0.4270910322666168
Ge2I2_164_6782.vasp.cif,Ge2I2,-0.15201811492443085,0.1534424126148224
Te2Mo2_129_18410.vasp.cif,Te2Mo2,0.5268418788909912,0.4532873332500458
Cr2Se6_59_4506.vasp.cif,Cr2Se6,0.09075230360031128,0.267361044883728
Rb2Au2S2_51_14767.vasp.cif,Rb2Au2S2,0.3243277072906494,0.34357213973999023
Fe1C4I2N2F4_47_5646.vasp.cif,FeC4I2N2F4,0.05301928520202637,0.04390875622630119
Hg2H4Se2S8_31_7968.vasp.cif,Hg2H4Se2S8,0.15579035878181458,0.022509340196847916
Cu2Ge2O6_51_5099.vasp.cif,Cu2Ge2O6,0.2560507357120514,0.29729577898979187
Ba2Tl1Cd1Cu1O5_99_2080.vasp.cif,Ba2TlCdCuO5,0.4515793025493622,0.43647050857543945
Sc1Au3I2Br2O4_1_15903.vasp.cif,ScAu3I2Br2O4,0.2774265706539154,0.26725417375564575
Sr2Zn1_123_17341.vasp.cif,Sr2Zn,0.40568333864212036,0.24804654717445374
Na1_123_11958.vasp.cif,Na,0.2172636091709137,0.5030864477157593
In1Ga1Se2Br2_1_8259.vasp.cif,InGaSe2Br2,0.11281983554363251,0.05338290333747864
Sc2Sn1_164_16168.vasp.cif,Sc2Sn,0.1298924684524536,0.9148924350738525
Ni2S2I2_59_13584.vasp.cif,Ni2S2I2,0.016137486323714256,0.1019163429737091
Ta9S18_12_18165.vasp.cif,Ta9S18,0.07973501831293106,0.1189480721950531
Hf1Fe1Te2O1_8_7164.vasp.cif,HfFeTe2O,0.4177739918231964,0.6098899841308594
In4Bi4_127_8665.vasp.cif,In4Bi4,-0.22156409919261932,0.22873008251190186
Ti1Ge1Te1Se1S1Br1_6_18786.vasp.cif,TiGeTeSeSBr,0.06356697529554367,0.032507382333278656
Ni3As2S8_164_13692.vasp.cif,Ni3As2S8,0.261078417301178,0.376240611076355
Cd2S2Br2_59_3543.vasp.cif,Cd2S2Br2,0.40017297863960266,0.3450315594673157
Se2N2_129_16287.vasp.cif,Se2N2,0.7737183570861816,0.8171461820602417
In1P2Au1O6_149_8297.vasp.cif,InP2AuO6,0.511211097240448,0.38567566871643066
Ga2Bi2_129_6306.vasp.cif,Ga2Bi2,-0.5460484623908997,-0.5473169684410095
Mo2N4_12_11642.vasp.cif,Mo2N4,0.5846129059791565,0.5915836691856384
Sr2P4_12_17297.vasp.cif,Sr2P4,0.3459990322589874,0.45974498987197876
Mn4Pb4O12_13_11447.vasp.cif,Mn4Pb4O12,-0.001218114048242569,-0.024407628923654556
In2Pd1O4_164_8526.vasp.cif,In2PdO4,0.5065399408340454,0.45296651124954224
Fe2N1O2_164_5883.vasp.cif,Fe2NO2,0.5791341662406921,0.42363694310188293
Ir1Ru1S2Br4_1_8754.vasp.cif,IrRuS2Br4,0.1701652705669403,0.15952101349830627
Ca2Bi4_12_2958.vasp.cif,Ca2Bi4,0.3239039182662964,0.01351864356547594
Li4Sn4H24N12_14_10229.vasp.cif,Li4Sn4H24N12,-1.3497300148010254,0.0301666297018528
P4C2_113_14075.vasp.cif,P4C2,0.4066254496574402,0.2781921625137329
Mn1Tl2Se4_156_10917.vasp.cif,MnTl2Se4,0.228159561753273,0.31492945551872253
V1H2S2_164_19850.vasp.cif,VH2S2,0.7405330538749695,0.6341556906700134
Hf2Te2_187_7639.vasp.cif,Hf2Te2,0.4193119406700134,0.6180357336997986
Al1Sn1F5_47_743.vasp.cif,AlSnF5,0.21345920860767365,0.560080349445343
Zr1Mo2S8_164_21332.vasp.cif,ZrMo2S8,0.42312052845954895,0.6154606342315674
Ba2Tl1Hg1Au1S5_99_2084.vasp.cif,Ba2TlHgAuS5,0.23363806307315826,0.3346617817878723
Ga1Sb2Te6Au1_149_6268.vasp.cif,GaSb2Te6Au,0.2394288331270218,0.341261625289917
Ta2Ge2As2_129_17739.vasp.cif,Ta2Ge2As2,0.15786123275756836,-0.09497835487127304
Pb1W1O4_3_14211.vasp.cif,PbWO4,0.2925645112991333,0.37259310483932495
V4Cu2H12N4O12_7_20319.vasp.cif,V4Cu2H12N4O12,0.31177932024002075,0.07386407256126404
Ta2Si2As2_129_17883.vasp.cif,Ta2Si2As2,0.30642226338386536,0.30625638365745544
Hf2Cl2_129_7474.vasp.cif,Hf2Cl2,0.6063753366470337,0.9390414357185364
Na2H6C8N2O2_51_12120.vasp.cif,Na2H6C8N2O2,0.44154977798461914,-0.23141787946224213
Y2S2_129_20774.vasp.cif,Y2S2,0.633914053440094,-0.02656276524066925
Cd1H10C12Br2N2_2_3316.vasp.cif,CdH10C12Br2N2,0.19077861309051514,0.11322791129350662
Hg1H4C2N4Cl2_1_7873.vasp.cif,HgH4C2N4Cl2,0.06791788339614868,-0.03527308255434036
Cu3As1O4_156_5370.vasp.cif,Cu3AsO4,0.6641845107078552,0.7756810188293457
Sc1Te2_164_16016.vasp.cif,ScTe2,0.306525856256485,0.2940593361854553
Sn1Te4As2_164_16704.vasp.cif,SnTe4As2,-0.2956354320049286,-0.3780669569969177
Ca3Fe2Br2O5_123_3173.vasp.cif,Ca3Fe2Br2O5,-0.14412231743335724,-0.002667816588655114
In1Ni5Br2_123_8290.vasp.cif,InNi5Br2,1.3746546506881714,1.5128027200698853
Sn2As2O6_5_16722.vasp.cif,Sn2As2O6,0.24059270322322845,0.41705483198165894
In1Pt5I2_123_8324.vasp.cif,InPt5I2,0.6381109356880188,0.39279815554618835
Nb1Sb1As1_156_12564.vasp.cif,NbSbAs,0.25369593501091003,0.5319333076477051
Ta2C1S2F2_164_17678.vasp.cif,Ta2CS2F2,0.7242510914802551,0.8509097695350647
B4As4_14_1745.vasp.cif,B4As4,0.9163296222686768,0.9319582581520081
Sc4B3H2_164_16224.vasp.cif,Sc4B3H2,0.17338091135025024,0.24825823307037354
Ta2I5_1_17765.vasp.cif,Ta2I5,0.45410600304603577,0.5555802583694458
Hf4O4F4_31_7799.vasp.cif,Hf4O4F4,0.38568323850631714,0.4163875877857208
V2Ge2Te6_162_20068.vasp.cif,V2Ge2Te6,-0.014645577408373356,-0.19162464141845703
Na2B2C8O16_51_11970.vasp.cif,Na2B2C8O16,0.0920494943857193,0.13706478476524353
Pb1Cl2_187_14180.vasp.cif,PbCl2,0.08860164135694504,-0.12347787618637085
Sc2S2_164_16137.vasp.cif,Sc2S2,0.43156030774116516,0.00017758499598130584
Yb2S2Br2_59_20883.vasp.cif,Yb2S2Br2,-0.8071348667144775,-0.9238346219062805
Ti1H2_187_18790.vasp.cif,TiH2,0.5264216661453247,0.46899348497390747
Hf2Ti2S8_28_7652.vasp.cif,Hf2Ti2S8,0.14078573882579803,0.31730300188064575
Sn2Ge1Cl2O5_1_16770.vasp.cif,Sn2GeCl2O5,0.18250153958797455,0.21581099927425385
Ba5La1_1_2201.vasp.cif,Ba5La,0.7311739325523376,0.8462913036346436
Ge2Sb1Te6_162_6839.vasp.cif,Ge2SbTe6,-0.17934148013591766,-0.11820975691080093
Ca1Sn2S1Br2Cl1O1_1_2887.vasp.cif,CaSn2SBr2ClO,0.20470286905765533,0.20027555525302887
Tm2Se6_51_19688.vasp.cif,Tm2Se6,-0.059761278331279755,0.5112075805664062
Ir3Pd1S4Br4_35_8854.vasp.cif,Ir3PdS4Br4,0.06898616999387741,-0.0035078690852969885
Zn1Cu1Se2I1Cl1_1_20920.vasp.cif,ZnCuSe2ICl,0.22667522728443146,0.3580108880996704
V4S6_12_20362.vasp.cif,V4S6,-0.03651537746191025,0.1201132982969284
La2P6H16O14_2_9605.vasp.cif,La2P6H16O14,0.0911630168557167,0.06858646124601364
In4Cl4_57_8669.vasp.cif,In4Cl4,0.20082911849021912,0.10766270756721497
Mn1Si1Ge1Se1Br3_1_10881.vasp.cif,MnSiGeSeBr3,0.09062419831752777,0.2626818120479584
Zn1H16C11N2O6_1_20947.vasp.cif,ZnH16C11N2O6,0.15457166731357574,0.1747395098209381
Ta1Mn1Br1Cl1O1_8_17561.vasp.cif,TaMnBrClO,0.4464811384677887,0.35857829451560974
K4S4O10_11_9505.vasp.cif,K4S4O10,0.18612387776374817,0.11501603573560715
La4F6_12_9627.vasp.cif,La4F6,0.4186049997806549,0.325748473405838
V2Fe1Te4_164_20064.vasp.cif,V2FeTe4,0.1307045817375183,0.09419708698987961
Mn1Ag1Ge1S4_1_10611.vasp.cif,MnAgGeS4,0.21437332034111023,0.34412041306495667
Mn2Te4As2F2_26_11315.vasp.cif,Mn2Te4As2F2,0.18734733760356903,0.3840920329093933
Mg2Mo2Se2O12_18_10483.vasp.cif,Mg2Mo2Se2O12,0.13472187519073486,0.049768898636102676
Sn4I2F6_18_16943.vasp.cif,Sn4I2F6,0.06390655040740967,0.09173362702131271
Na2Rh1_187_12272.vasp.cif,Na2Rh,0.944248616695404,0.8775891065597534
Co1H4C4I2N2_47_3753.vasp.cif,CoH4C4I2N2,0.1715734899044037,0.11855383962392807
Hg3B2S6_150_8051.vasp.cif,Hg3B2S6,0.19674643874168396,0.17063970863819122
Ni1H4C6F2_47_13346.vasp.cif,NiH4C6F2,0.4437648355960846,0.6092610955238342
Nb2Mo1I1Br1O2_1_12761.vasp.cif,Nb2MoIBrO2,0.49008414149284363,0.6998956799507141
Ba2Mg2Sn2_129_2022.vasp.cif,Ba2Mg2Sn2,0.5116522312164307,1.035746455192566
Cu4Te2_51_5483.vasp.cif,Cu4Te2,0.4573023021221161,0.4615657329559326
Li2Cu1Ni4Sb2Br1_1_9880.vasp.cif,Li2CuNi4Sb2Br,0.23170654475688934,0.7411572337150574
Ni2W2S8I2_129_13690.vasp.cif,Ni2W2S8I2,0.3904177248477936,0.5014821887016296
Fe2Bi2S4Br2_26_5809.vasp.cif,Fe2Bi2S4Br2,-0.03605690598487854,-0.03584609925746918
Zr1Nb1Te1S1_8_21363.vasp.cif,ZrNbTeS,0.1302361637353897,0.06321808695793152
Cd1I2_187_3368.vasp.cif,CdI2,0.08581189811229706,0.12280238419771194
Hf2Si2Se8_31_7616.vasp.cif,Hf2Si2Se8,0.17792418599128723,0.23135018348693848
Hf3Cl2O5_1_7701.vasp.cif,Hf3Cl2O5,0.2722707688808441,0.2987612783908844
As4Au2Se3F2_6_1320.vasp.cif,As4Au2Se3F2,0.39491209387779236,0.5249432325363159
Nb2Pd4S4_51_12816.vasp.cif,Nb2Pd4S4,0.42168042063713074,0.2672083079814911
Ni1Ir3Se3S5_1_13376.vasp.cif,NiIr3Se3S5,-0.04335245490074158,-0.08162520825862885
Pr2Br2O2_164_14542.vasp.cif,Pr2Br2O2,0.08131813257932663,0.11884436756372452
Ta4Sn2S8_55_18116.vasp.cif,Ta4Sn2S8,0.25059449672698975,0.43295931816101074
Mo1I5_6_11519.vasp.cif,MoI5,0.1396036446094513,0.28069162368774414
Ta1Ga1Au1S3Cl2_1_17544.vasp.cif,TaGaAuS3Cl2,0.3029671907424927,0.32586604356765747
Nb1B1Te2S1_8_12468.vasp.cif,NbBTe2S,0.23645536601543427,0.5927237868309021
Mo4N3Cl2_164_11748.vasp.cif,Mo4N3Cl2,0.1303468495607376,0.28413423895835876
Ba1C2_164_1815.vasp.cif,BaC2,1.870249629020691,3.1518993377685547
Li2H10C12N4O10_11_9926.vasp.cif,Li2H10C12N4O10,0.19426359236240387,0.18440137803554535
Na4Hg2F8_11_12394.vasp.cif,Na4Hg2F8,0.004835799336433411,0.02946801669895649
Cr2O4_11_4439.vasp.cif,Cr2O4,-0.1484280377626419,-0.02526400424540043
Bi2Te2_187_2565.vasp.cif,Bi2Te2,0.4413084387779236,0.43672123551368713
B2As2H6Pb2S6_7_1647.vasp.cif,B2As2H6Pb2S6,0.15034128725528717,0.6950367093086243
Ti2Te2_123_19046.vasp.cif,Ti2Te2,0.07139487564563751,0.3844138979911804
Ti1Se1O1_156_18847.vasp.cif,TiSeO,0.5433578491210938,0.17348067462444305
Cr2Ni1Se4_164_4431.vasp.cif,Cr2NiSe4,0.03939551115036011,0.2197542041540146
K1Ga1Br4O12_2_8898.vasp.cif,KGaBr4O12,0.22703836858272552,0.3267737030982971
As2Pb6_191_1264.vasp.cif,As2Pb6,1.0802415609359741,1.042754888534546
Co1H4C6Br2_47_3758.vasp.cif,CoH4C6Br2,0.33908480405807495,0.3551730811595917
Te2Pt2S6_11_18488.vasp.cif,Te2Pt2S6,0.21250146627426147,0.11459622532129288
Tl12Bi4I24_14_19190.vasp.cif,Tl12Bi4I24,0.17847773432731628,9.128475358011201e-05
Li2Pb1O6F6_147_10039.vasp.cif,Li2PbO6F6,0.6589920520782471,0.9178869128227234
Hf4Te4I4_31_7824.vasp.cif,Hf4Te4I4,0.1001780778169632,0.119876928627491
K2Nb2I12_4_9265.vasp.cif,K2Nb2I12,0.06323976814746857,-0.08761166781187057
Se6N4_7_16302.vasp.cif,Se6N4,0.7336758971214294,0.5723353028297424
Tl2C1S3_5_19387.vasp.cif,Tl2CS3,0.2994849979877472,0.21273750066757202
Mo2P2S10_85_11656.vasp.cif,Mo2P2S10,0.275217205286026,0.33645156025886536
Sc2B1Br2_164_16031.vasp.cif,Sc2BBr2,-0.03927992284297943,0.02104230597615242
Hf2Se2N1_164_7606.vasp.cif,Hf2Se2N,0.08464143425226212,0.10163333266973495
Ni1Te1Ir1Se1_1_13427.vasp.cif,NiTeIrSe,0.1531524360179901,0.3830569088459015
Pd1F2_115_14361.vasp.cif,PdF2,0.6532495021820068,0.7743952870368958
Nb4Pd2S10_13_13122.vasp.cif,Nb4Pd2S10,0.03698400408029556,0.17293494939804077
Te24W8_14_18345.vasp.cif,Te24W8,0.20024612545967102,0.3717271089553833
Bi2P4O13_5_2496.vasp.cif,Bi2P4O13,0.15608467161655426,0.12294619530439377
Ag1Bi1Sb2Se6_143_26.vasp.cif,AgBiSb2Se6,0.23287658393383026,0.11426939070224762
Hg2Br2O2_59_7943.vasp.cif,Hg2Br2O2,0.16140800714492798,0.3653227388858795
As2Pb2O6_147_1255.vasp.cif,As2Pb2O6,0.3400844931602478,0.3901490569114685
Pb2Br8_1_14225.vasp.cif,Pb2Br8,0.1724567413330078,0.15610332787036896
Gd2C1Cl2_164_6604.vasp.cif,Gd2CCl2,0.12670068442821503,0.04367760941386223
Be2Ir1_123_2259.vasp.cif,Be2Ir,0.6961013674736023,0.7266296148300171
Tl2Ni4Se6_164_19464.vasp.cif,Tl2Ni4Se6,0.016328973695635796,0.1896350085735321
Ge1F2_115_6662.vasp.cif,GeF2,0.3965202271938324,0.38173842430114746
Fe3Se4_164_6067.vasp.cif,Fe3Se4,0.04040103405714035,-0.003993541933596134
Ca2As1_164_2921.vasp.cif,Ca2As,0.5130562782287598,0.5724818110466003
Ti2B1S2_164_18890.vasp.cif,Ti2BS2,-0.04686771333217621,-0.03792523592710495
Zn2Te2Mo2S12_18_21181.vasp.cif,Zn2Te2Mo2S12,0.34681078791618347,0.37663960456848145
V1S1Cl2_47_19909.vasp.cif,VSCl2,0.2935144007205963,0.26455575227737427
Zr2Si2Se2_129_21687.vasp.cif,Zr2Si2Se2,0.02654772810637951,0.09986557811498642
Ag1H4C12O2_6_73.vasp.cif,AgH4C12O2,0.8549990653991699,0.9115880131721497
Ti3Te2C2F2_38_19107.vasp.cif,Ti3Te2C2F2,0.37413179874420166,0.22453701496124268
Pt1N1_187_14577.vasp.cif,PtN,1.1884198188781738,1.6081832647323608
Ta4Cr2O16_2_18032.vasp.cif,Ta4Cr2O16,-0.04026880860328674,0.03145809844136238
Be3Bi3_25_2274.vasp.cif,Be3Bi3,-0.42849698662757874,-0.49088937044143677
Zn2Te2Mo2O12_18_21180.vasp.cif,Zn2Te2Mo2O12,0.09663686901330948,0.004829641431570053
Na2H6S2N10_51_12130.vasp.cif,Na2H6S2N10,-0.22411711513996124,-0.0843036100268364
Sb18I4_11_15428.vasp.cif,Sb18I4,0.0645769014954567,0.09647490084171295
B2Sb2H6Pb2O6_7_1705.vasp.cif,B2Sb2H6Pb2O6,0.6303017139434814,0.7150624990463257
Sr2Ag1S2Cl2_38_17105.vasp.cif,Sr2AgS2Cl2,0.08108531683683395,0.22232778370380402
Sn1O1_156_16658.vasp.cif,SnO,0.250370055437088,0.5017507672309875
Hf2V2W1C3O6_1_7662.vasp.cif,Hf2V2WC3O6,0.21832817792892456,0.7019166946411133
Zr1Mn1S1Br1Cl2_6_21326.vasp.cif,ZrMnSBrCl2,0.2002895623445511,0.09391458332538605
Fe1H4C2N4Cl2_47_5694.vasp.cif,FeH4C2N4Cl2,0.07718168199062347,0.10398001968860626
Nb2Te8Os2_11_12932.vasp.cif,Nb2Te8Os2,0.04163656383752823,0.14215315878391266
Li2Cu2P2O8_51_9892.vasp.cif,Li2Cu2P2O8,0.2048264443874359,0.4114593267440796
Ce1S2_8_3652.vasp.cif,CeS2,0.46483221650123596,0.6632698178291321
Cd2Pd4Se6_164_3534.vasp.cif,Cd2Pd4Se6,0.12375833094120026,0.0661383643746376
K1V1P2H2O6_156_8953.vasp.cif,KVP2H2O6,0.10707710683345795,0.167077898979187
Cd1Ga2Te4_164_3312.vasp.cif,CdGa2Te4,0.10985144972801208,0.1390095055103302
Zr1In1S2_156_21314.vasp.cif,ZrInS2,0.11054132878780365,0.7097305655479431
Cu4C4O12_14_5401.vasp.cif,Cu4C4O12,0.2072540521621704,0.3443962335586548
Mn1H2_164_10765.vasp.cif,MnH2,0.5790384411811829,0.5586238503456116
Nb4B3S2F2_164_13038.vasp.cif,Nb4B3S2F2,0.5352462530136108,0.4288898706436157
Cu4Te2S12_14_5479.vasp.cif,Cu4Te2S12,0.24336667358875275,0.27334293723106384
Ti4B3_164_19125.vasp.cif,Ti4B3,0.03190460056066513,0.46098461747169495
Cr2Ag2As4O12_1_4292.vasp.cif,Cr2Ag2As4O12,0.2241392433643341,0.2265278697013855
Si2Cl8_1_16399.vasp.cif,Si2Cl8,0.14685268700122833,0.08315034955739975
Si2As6_164_16385.vasp.cif,Si2As6,-0.5673108100891113,-0.6183844804763794
Sn2Sb2C2S6F6_7_16853.vasp.cif,Sn2Sb2C2S6F6,0.5547645092010498,0.6432404518127441
Ir2O2_129_8796.vasp.cif,Ir2O2,1.4723361730575562,2.3220620155334473
Al2H14N4_10_858.vasp.cif,Al2H14N4,-1.1270415782928467,-1.1004542112350464
Bi4O8_11_2630.vasp.cif,Bi4O8,0.1874394565820694,0.28823238611221313
V1Ag1As2Se6_5_19748.vasp.cif,VAgAs2Se6,0.2316504567861557,0.1977018564939499
Fe6S8_11_6096.vasp.cif,Fe6S8,-0.5527809262275696,-0.4048531651496887
Tl2Te4_12_19555.vasp.cif,Tl2Te4,0.032883256673812866,0.40692055225372314
Li2S4Br2_113_10056.vasp.cif,Li2S4Br2,0.5995895862579346,0.7684581875801086
Sr2Cu1Te2F2_38_17210.vasp.cif,Sr2CuTe2F2,0.7041841149330139,0.5999432802200317
Sr2Au1Se2Cl2_38_17133.vasp.cif,Sr2AuSe2Cl2,0.1282292604446411,0.33966264128685
Tc6Cl18_164_18259.vasp.cif,Tc6Cl18,0.11770907044410706,0.061152730137109756
Sb2O2F2_59_15612.vasp.cif,Sb2O2F2,0.39955610036849976,0.3120706081390381
V1Te1Se1_156_19936.vasp.cif,VTeSe,0.1127958595752716,0.14851568639278412
Mo4C3F2_164_11735.vasp.cif,Mo4C3F2,0.1865345686674118,0.1506531685590744
In8S4I6Br1Cl1_1_8716.vasp.cif,In8S4I6BrCl,0.2791845500469208,0.07538266479969025
Ru1Se2_187_15296.vasp.cif,RuSe2,0.5188773274421692,0.5774255394935608
Na1N1O2_25_11905.vasp.cif,NaNO2,0.013122634962201118,0.2523767948150635
Ta2Fe4S4_51_17731.vasp.cif,Ta2Fe4S4,0.6504855751991272,0.8412936329841614
Ni2As4_2_13457.vasp.cif,Ni2As4,0.4073341488838196,0.25447338819503784
Mn1Te2_115_10911.vasp.cif,MnTe2,0.27929943799972534,0.4588998854160309
Sn2P2_187_16825.vasp.cif,Sn2P2,0.03778176009654999,0.1997060477733612
Mn2Ga2Te5_164_11084.vasp.cif,Mn2Ga2Te5,0.08420644700527191,0.1770370751619339
Zr2Te2I2_59_21704.vasp.cif,Zr2Te2I2,0.10320161283016205,0.10356222838163376
Si1H2O1_8_16339.vasp.cif,SiH2O,0.487101286649704,1.277591347694397
Mn1In1Se4_10_10780.vasp.cif,MnInSe4,0.12337084114551544,0.1922888308763504
Mn3Si1S2_187_11411.vasp.cif,Mn3SiS2,0.20808829367160797,0.44252556562423706
As10Se10_26_1118.vasp.cif,As10Se10,0.19837652146816254,0.29008838534355164
Ca2Bi2Cl2O4_11_2954.vasp.cif,Ca2Bi2Cl2O4,0.2803855538368225,0.2349134385585785
Ir1Pt3Br4O4_3_8750.vasp.cif,IrPt3Br4O4,0.4335217773914337,0.3115139901638031
Ni2Se2Cl2_59_13631.vasp.cif,Ni2Se2Cl2,0.10950678586959839,-0.044747818261384964
Si1Te1_123_16374.vasp.cif,SiTe,0.22170253098011017,0.5641335844993591
Sc1Sb2Au1S6_149_15993.vasp.cif,ScSb2AuS6,0.35671722888946533,0.3795836269855499
Na2Ca2_11_12016.vasp.cif,Na2Ca2,0.8398260474205017,0.985746443271637
H24Pb2C8S8N4O16_2_6985.vasp.cif,H24Pb2C8S8N4O16,0.1818692535161972,0.20795838534832
Cd1Cl2_1_3303.vasp.cif,CdCl2,0.26160916686058044,0.17186285555362701
Ba2Au1Se2Cl2_38_1912.vasp.cif,Ba2AuSe2Cl2,0.14249761402606964,0.31338047981262207
Li2Mn1P2O8_2_9987.vasp.cif,Li2MnP2O8,0.06362082809209824,0.05945424735546112
Pd2Cl2_129_14412.vasp.cif,Pd2Cl2,0.8604723811149597,0.7523288726806641
Ca3Mg3_156_3183.vasp.cif,Ca3Mg3,0.515580952167511,0.5660175085067749
In2Te3_164_8631.vasp.cif,In2Te3,0.11126184463500977,0.058086197823286057
Zn1S1I1_1_21002.vasp.cif,ZnSI,0.2553712725639343,0.4423072338104248
Zr2Cl4_11_21552.vasp.cif,Zr2Cl4,0.17523910105228424,0.09905467927455902
Tc1F2_164_18219.vasp.cif,TcF2,0.4344674050807953,0.5710548758506775
Tl2Co2Se5_156_19399.vasp.cif,Tl2Co2Se5,0.3480050563812256,0.4752234220504761
Ag1Cl1O2_1_45.vasp.cif,AgClO2,0.2256024330854416,0.1992209106683731
Y2S6_129_20775.vasp.cif,Y2S6,0.18164454400539398,0.11920364201068878
Cr2P2O6_162_4448.vasp.cif,Cr2P2O6,0.36059844493865967,0.37537819147109985
In1Ge1Cl3_1_8261.vasp.cif,InGeCl3,0.18516570329666138,-0.07455767691135406
Hf1Ge1Cl2O3_1_7172.vasp.cif,HfGeCl2O3,0.40518718957901,0.27598148584365845
Ca2Au1Se2Cl2_38_2939.vasp.cif,Ca2AuSe2Cl2,0.1901700496673584,0.2742508351802826
H2Ru1_187_7026.vasp.cif,H2Ru,1.5889537334442139,1.5378555059432983
Fe2Te4_11_6022.vasp.cif,Fe2Te4,0.6131898164749146,0.5478273034095764
Sc1Ag1Te6As2_149_15895.vasp.cif,ScAgTe6As2,0.28261885046958923,0.22090493142604828
Ti2O2_187_18976.vasp.cif,Ti2O2,0.5247064828872681,0.3935530185699463
Sn2Sb1Se6_162_16850.vasp.cif,Sn2SbSe6,0.11549453437328339,0.1684097796678543
Cu1I1_187_4907.vasp.cif,CuI,0.11738616228103638,0.33062249422073364
Ge2Sb2C2O6F6_7_6840.vasp.cif,Ge2Sb2C2O6F6,0.558897078037262,0.692941427230835
Al1As2Au1S6_149_608.vasp.cif,AlAs2AuS6,0.47243520617485046,0.4767053425312042
Rb2Te2N2Cl6O6_4_14954.vasp.cif,Rb2Te2N2Cl6O6,0.4345003068447113,0.5530457496643066
Cu2B4Pb4O12_14_5038.vasp.cif,Cu2B4Pb4O12,0.23922888934612274,0.30842775106430054
Cd4W2O8_13_3635.vasp.cif,Cd4W2O8,0.08314171433448792,0.1222732812166214
Re6Se8Br2_2_15129.vasp.cif,Re6Se8Br2,0.1435111165046692,0.06437156349420547
In2S4_12_8561.vasp.cif,In2S4,0.10158003866672516,0.43162596225738525
As8Se8O4_1_1406.vasp.cif,As8Se8O4,0.20907695591449738,0.17625735700130463
Ge2P1O6_162_6796.vasp.cif,Ge2PO6,0.3633878827095032,0.40138691663742065
Cd2Sb2Cl2O4_11_3553.vasp.cif,Cd2Sb2Cl2O4,0.16961036622524261,0.17941510677337646
Cr2P2O10_129_4446.vasp.cif,Cr2P2O10,0.05877384543418884,-0.04223618283867836
Ag1Se1Cl1_1_127.vasp.cif,AgSeCl,0.23736180365085602,0.3627387583255768
Cr2Cu2Te12P4_13_4376.vasp.cif,Cr2Cu2Te12P4,0.29234758019447327,0.4421878755092621
Hf1Ge1I2N1_1_7175.vasp.cif,HfGeI2N,0.29177606105804443,0.3658863604068756
Ga2Se2_164_6477.vasp.cif,Ga2Se2,0.11474157869815826,0.06083262339234352
Sr1S2F2_12_17077.vasp.cif,SrS2F2,1.1223949193954468,1.1885279417037964
Mn2S2_129_11221.vasp.cif,Mn2S2,0.3030799627304077,0.09305597096681595
Co1H2_115_3743.vasp.cif,CoH2,0.9577644467353821,1.552049160003662
Rb2Cd4Te2S6Cl6_31_14828.vasp.cif,Rb2Cd4Te2S6Cl6,0.2148616909980774,0.041969045996665955
Cd1H4C4N2F2_10_3352.vasp.cif,CdH4C4N2F2,0.23843370378017426,0.21059882640838623
B2Mo3F2_187_1679.vasp.cif,B2Mo3F2,0.2113378942012787,0.6795088052749634
Sn4P4S12_7_16949.vasp.cif,Sn4P4S12,0.1440328061580658,0.10450317710638046
Hg3N1_191_8061.vasp.cif,Hg3N,0.747395932674408,1.0611305236816406
H8Au2C8Cl2_2_7089.vasp.cif,H8Au2C8Cl2,0.3803541958332062,0.4467296600341797
Rb2F2_129_14839.vasp.cif,Rb2F2,-0.27888381481170654,-0.4316067695617676
Cl1_123_3690.vasp.cif,Cl,0.66422438621521,0.49007004499435425
Te2Pt2O6_11_18485.vasp.cif,Te2Pt2O6,0.21883836388587952,0.20409120619297028
In1S1_156_8327.vasp.cif,InS,0.04836598038673401,0.6557881236076355
Mn2Sb4_8_11265.vasp.cif,Mn2Sb4,0.9104549288749695,0.16900712251663208
Ag1Br1_187_34.vasp.cif,AgBr,0.14194822311401367,0.23547931015491486
Sr1Ag2F12_115_17017.vasp.cif,SrAg2F12,-0.02208220399916172,0.03292941674590111
P2Br8_2_13965.vasp.cif,P2Br8,0.15847660601139069,0.098963662981987
Ho2Cl6_162_8134.vasp.cif,Ho2Cl6,-0.021253563463687897,0.04909375309944153
Mg2Cd1_123_10437.vasp.cif,Mg2Cd,0.3411763608455658,-0.17949101328849792
Ag2Br2N2_59_200.vasp.cif,Ag2Br2N2,0.7720060348510742,0.8464824557304382
Cr2Te2Br2_59_4517.vasp.cif,Cr2Te2Br2,0.15087875723838806,-0.014123263768851757
Ge1Bi1S2I2_1_6645.vasp.cif,GeBiS2I2,0.0777580738067627,-0.0018916036933660507
Cu2S2_187_5252.vasp.cif,Cu2S2,0.33868297934532166,0.29718470573425293
Ni1Pd2F5_8_13401.vasp.cif,NiPd2F5,0.22981606423854828,0.2549212574958801
Te10As10_26_18265.vasp.cif,Te10As10,0.14411547780036926,0.275613009929657
Tl2Br4_10_19382.vasp.cif,Tl2Br4,0.1108187735080719,0.10727670043706894
Mn2Sn1O4_25_11291.vasp.cif,Mn2SnO4,0.10509340465068817,0.20799565315246582
Cr1Te6P2Au1_5_4281.vasp.cif,CrTe6P2Au,0.2995924651622772,0.2414536476135254
Ag2Au2I8_1_175.vasp.cif,Ag2Au2I8,0.13866102695465088,0.08957218378782272
Sc2F2_164_16068.vasp.cif,Sc2F2,0.42410480976104736,-0.1297484189271927
Ni2Sb2Cl2O4_10_13605.vasp.cif,Ni2Sb2Cl2O4,0.15254855155944824,0.27492445707321167
Li2Mg1H4S2O8_2_9968.vasp.cif,Li2MgH4S2O8,-0.019789589568972588,0.09744936972856522
Cu2Hg2Se2I2_26_5161.vasp.cif,Cu2Hg2Se2I2,-0.04410552978515625,0.035521671175956726
Ba4Sb4S8Cl4_14_2181.vasp.cif,Ba4Sb4S8Cl4,0.06827714294195175,0.09933120757341385
Nb2Fe4Se6_11_12723.vasp.cif,Nb2Fe4Se6,0.7260994911193848,0.45547035336494446
Fe1Cu1S2I1Cl1_8_5667.vasp.cif,FeCuS2ICl,0.09817163646221161,-0.11022986471652985
Mg1Ga2Se4_164_10364.vasp.cif,MgGa2Se4,0.006059255450963974,0.056210387498140335
Ti4O4F4_31_19148.vasp.cif,Ti4O4F4,0.05661703646183014,-0.014634565450251102
In2Si2Se2_164_8603.vasp.cif,In2Si2Se2,-0.3318842947483063,-0.3439686894416809
Al2H2O4_31_860.vasp.cif,Al2H2O4,-0.42740270495414734,-0.7312228083610535
In2Te5_1_8639.vasp.cif,In2Te5,0.19491010904312134,0.11242847889661789
Cu2H8C6Br2N6_2_5144.vasp.cif,Cu2H8C6Br2N6,0.12360933423042297,0.2332010567188263
Sb2Pb2C2O6F6_7_15637.vasp.cif,Sb2Pb2C2O6F6,0.49926963448524475,0.613444447517395
Cd2P2O6_147_3526.vasp.cif,Cd2P2O6,0.416800320148468,0.30720311403274536
K2Zr1H6S6_147_9397.vasp.cif,K2ZrH6S6,0.1186736673116684,0.04229285940527916
Be1Br2_115_2215.vasp.cif,BeBr2,0.18150694668293,0.09725968539714813
Bi8C4_26_2683.vasp.cif,Bi8C4,0.09747727960348129,0.43297696113586426
Na1Sn2S4_164_11937.vasp.cif,NaSn2S4,0.2184983491897583,0.03930126875638962
In2Se2F2_59_8580.vasp.cif,In2Se2F2,0.2917241156101227,0.13674013316631317
B2N2_129_1685.vasp.cif,B2N2,0.5223873257637024,1.1369096040725708
Co1Ni1Te2P1_8_3795.vasp.cif,CoNiTe2P,0.20579585433006287,0.12059100717306137
Zr1Br1N1Cl1_156_21266.vasp.cif,ZrBrNCl,0.14879931509494781,0.43640822172164917
Zn2As2O6_147_21026.vasp.cif,Zn2As2O6,0.2930646538734436,0.4073607623577118
Ca1Ta2O7_123_2891.vasp.cif,CaTa2O7,0.16378937661647797,0.4735259413719177
In2Se4_127_8598.vasp.cif,In2Se4,0.16263796389102936,0.5932031273841858
Ti1Co1Se1S1I2_1_18764.vasp.cif,TiCoSeSI2,0.03429292142391205,0.1717718094587326
Sc1P2_21_15976.vasp.cif,ScP2,0.9513948559761047,0.693366527557373
Ni2B1_187_13460.vasp.cif,Ni2B,0.605985701084137,0.5005407929420471
Te2Mo2Se2_6_18409.vasp.cif,Te2Mo2Se2,0.40043535828590393,0.35936522483825684
Ni2Se2_187_13641.vasp.cif,Ni2Se2,0.3388192057609558,0.2985636293888092
Ba4Te8As4Cl4_14_2192.vasp.cif,Ba4Te8As4Cl4,0.19280382990837097,0.11222585290670395
Na4S2O10_51_12407.vasp.cif,Na4S2O10,0.45662960410118103,1.0811892747879028
Ge2Sb2H6C2S6_7_6846.vasp.cif,Ge2Sb2H6C2S6,0.18148010969161987,0.21727831661701202
Li2Mg1Te2O8F4_2_9978.vasp.cif,Li2MgTe2O8F4,0.598996639251709,0.44577085971832275
Ag4I4O12_14_528.vasp.cif,Ag4I4O12,0.1235840916633606,0.07046844810247421
Cr3O8_10_4569.vasp.cif,Cr3O8,-0.2500954866409302,-0.06319548189640045
Al4N4_127_1076.vasp.cif,Al4N4,1.025321125984192,0.9268314838409424
Ba1Mn4O8_162_1843.vasp.cif,BaMn4O8,0.1268434226512909,0.09063991159200668
Re2N2_38_15058.vasp.cif,Re2N2,0.6767318844795227,0.04084334149956703
Ca2Sn4F12_2_3129.vasp.cif,Ca2Sn4F12,0.0523354709148407,0.053895264863967896
Ga1Co2S4Cl3_1_6151.vasp.cif,GaCo2S4Cl3,0.20929548144340515,0.4218997359275818
Ti1N2_164_18806.vasp.cif,TiN2,-0.07139283418655396,0.6229444742202759
Cd1B4H4N2F2_10_3277.vasp.cif,CdB4H4N2F2,0.5362094044685364,0.6036709547042847
Ga2Te4Pd1_164_6515.vasp.cif,Ga2Te4Pd,0.026341130957007408,0.09402034431695938
Cr1B4S6Cl1F4_2_4122.vasp.cif,CrB4S6ClF4,0.6157942414283752,0.6042349934577942
Na1Ga1Te6P2_5_11871.vasp.cif,NaGaTe6P2,0.23935560882091522,0.24252504110336304
Mn1Cr1S2I2Br2_1_10678.vasp.cif,MnCrS2I2Br2,0.15300756692886353,0.2094094604253769
V1H4C4S6F1_1_19855.vasp.cif,VH4C4S6F,0.3084457814693451,0.27055931091308594
Sn1S2_115_16680.vasp.cif,SnS2,0.3088458776473999,0.19182650744915009
Sr2Au1O2F2_38_17126.vasp.cif,Sr2AuO2F2,0.47020459175109863,0.6008955836296082
Ca2B8H40N4_30_2948.vasp.cif,Ca2B8H40N4,0.2177818864583969,0.7371305823326111
Nb2Br2N2_59_12647.vasp.cif,Nb2Br2N2,0.11476448178291321,0.013242763467133045
Li2H6I2N2_4_9946.vasp.cif,Li2H6I2N2,0.12812082469463348,-3.2157859802246094
Cu1Ge1O3_25_4882.vasp.cif,CuGeO3,0.2635509967803955,0.3032766282558441
Zn1Re2S8_147_20999.vasp.cif,ZnRe2S8,0.17516840994358063,0.40117284655570984
Au1I2_187_1429.vasp.cif,AuI2,0.11455811560153961,0.31686684489250183
Cr1H4C4O6F1_2_4189.vasp.cif,CrH4C4O6F,0.1983117014169693,0.13274087011814117
Zn1W1O4_3_21023.vasp.cif,ZnWO4,0.26098665595054626,0.33732426166534424
Te2Rh2Cl2_11_18498.vasp.cif,Te2Rh2Cl2,0.10581669211387634,0.10824699699878693
Nb2B1F2_164_12628.vasp.cif,Nb2BF2,0.16148029267787933,0.2017848640680313
Fe4O6_13_6085.vasp.cif,Fe4O6,0.46021193265914917,0.5054137706756592
Ta2O6_59_17817.vasp.cif,Ta2O6,0.2500784695148468,0.18305964767932892
V1I2_115_19867.vasp.cif,VI2,0.33862927556037903,0.2906303107738495
Cu2Br1Cl1O2_1_5046.vasp.cif,Cu2BrClO2,0.26053687930107117,0.19821719825267792
Al1Au1S2Br2_6_611.vasp.cif,AlAuS2Br2,0.1606614589691162,0.21242102980613708
Ag2As2O4_26_153.vasp.cif,Ag2As2O4,0.34733033180236816,0.20888087153434753
Mg4In8Se16_2_10578.vasp.cif,Mg4In8Se16,0.08012136816978455,0.03814210370182991
Zr2N1Cl2_164_21603.vasp.cif,Zr2NCl2,0.040036022663116455,0.028251539915800095
Ir2S2_12_8823.vasp.cif,Ir2S2,0.6368334293365479,0.6029040217399597
Li1Fe1O2_156_9695.vasp.cif,LiFeO2,0.16596168279647827,0.42500796914100647
Ag2Te3As4F2_6_469.vasp.cif,Ag2Te3As4F2,0.32921305298805237,0.3452098071575165
Nb13Te26_2_12461.vasp.cif,Nb13Te26,0.03757884353399277,0.08645500242710114
Dy2Se6_51_5535.vasp.cif,Dy2Se6,0.34495943784713745,-0.38139304518699646
V4F16_14_20322.vasp.cif,V4F16,-0.1195165365934372,0.021301785483956337
K2S4Br2F8_1_9332.vasp.cif,K2S4Br2F8,0.38983532786369324,0.33244383335113525
In2Ga2Te6_31_8448.vasp.cif,In2Ga2Te6,0.03935328871011734,0.16322706639766693
Sb6O12F2_4_15851.vasp.cif,Sb6O12F2,0.4861397445201874,0.5533997416496277
Na2P2Pd2_12_12259.vasp.cif,Na2P2Pd2,0.09837077558040619,0.1478460282087326
Pt1Br2_115_14565.vasp.cif,PtBr2,0.4506421983242035,0.5791115760803223
Ni1Ag2H6C14N2O10_2_13253.vasp.cif,NiAg2H6C14N2O10,0.22596041858196259,0.36419564485549927
Tl2Zn3O6_156_19572.vasp.cif,Tl2Zn3O6,0.3006977140903473,0.18032938241958618
Hf4S4Br4_31_7806.vasp.cif,Hf4S4Br4,0.13805529475212097,0.13943487405776978
Tm2H4Cl2O4_11_19679.vasp.cif,Tm2H4Cl2O4,0.04960581660270691,0.0959620252251625
Sn2N2_164_16792.vasp.cif,Sn2N2,-2.089656114578247,-2.240196466445923
Sn2Cl2_164_16760.vasp.cif,Sn2Cl2,0.016956420615315437,-0.673987865447998
Mn3Cl8_2_11369.vasp.cif,Mn3Cl8,0.10800470411777496,-0.054865192621946335
Sb4S8_11_15822.vasp.cif,Sb4S8,0.3120407164096832,0.3694889545440674
Rb2Te2H6C2O6_4_14951.vasp.cif,Rb2Te2H6C2O6,0.5068382620811462,0.4931752681732178
Na4B1S4_38_12366.vasp.cif,Na4BS4,0.4718117415904999,0.30993664264678955
In1Sn3Se1Cl5O4_1_8362.vasp.cif,InSn3SeCl5O4,0.16483666002750397,0.24050024151802063
Zr1Sb2H2S6_164_21424.vasp.cif,ZrSb2H2S6,0.6181929111480713,0.6126171350479126
Cu4P40_2_5437.vasp.cif,Cu4P40,0.023695142939686775,0.054896026849746704
Ta9Te18_12_18167.vasp.cif,Ta9Te18,0.04289785772562027,0.0847991332411766
Ni2P2Se5_8_13567.vasp.cif,Ni2P2Se5,0.28744080662727356,0.21549206972122192
Sn2Sb2O6F2_7_16861.vasp.cif,Sn2Sb2O6F2,0.25254324078559875,0.35418739914894104
Fe1Pd1S2I1Br1_6_5738.vasp.cif,FePdS2IBr,0.008567934855818748,-0.23614650964736938
Ga1Ir2Rh1S4Br4_1_6208.vasp.cif,GaIr2RhS4Br4,0.19855545461177826,0.07481351494789124
Zr3Te2_123_21792.vasp.cif,Zr3Te2,0.11968731880187988,0.09084665775299072
B2Se3_189_1712.vasp.cif,B2Se3,0.5066123008728027,0.32977014780044556
Fe2Te1Se1_99_5992.vasp.cif,Fe2TeSe,0.7542905807495117,0.5781280398368835
Hf3Mo1I3Br5_1_7715.vasp.cif,Hf3MoI3Br5,0.2976032495498657,0.35401472449302673
V2O2F2_59_20118.vasp.cif,V2O2F2,-0.18035925924777985,-0.09689696133136749
Ir2O2_164_8798.vasp.cif,Ir2O2,1.0596575736999512,1.0723522901535034
V1O2F1_1_19891.vasp.cif,VO2F,-0.33344897627830505,-0.22715236246585846
Re1Ag2H6_1_14989.vasp.cif,ReAg2H6,1.5252537727355957,1.4166821241378784
W2C2I2_59_20478.vasp.cif,W2C2I2,0.22887177765369415,0.2264782339334488
Co1Ni1S2I1Br1_25_3789.vasp.cif,CoNiS2IBr,0.05695173889398575,0.061772461980581284
Zr1Pt1Se1S1_156_21409.vasp.cif,ZrPtSeS,0.3816431760787964,0.45208120346069336
Zr2Te2N1_164_21705.vasp.cif,Zr2Te2N,0.03708036243915558,0.0728476271033287
V4B3Cl2_164_20300.vasp.cif,V4B3Cl2,0.15892593562602997,0.38017866015434265
K2H14C6O6_12_9116.vasp.cif,K2H14C6O6,0.17333273589611053,0.1628463864326477
Mo2I2N2_59_11621.vasp.cif,Mo2I2N2,0.2714380621910095,0.2505045235157013
Mn1Nb2H1Br2O4_1_10819.vasp.cif,MnNb2HBr2O4,0.21236930787563324,0.3233509957790375
Ba1Y1Sn4O7_156_1879.vasp.cif,BaYSn4O7,0.23202593624591827,0.20892326533794403
Si1B1F2_156_16317.vasp.cif,SiBF2,0.15822739899158478,0.4508104920387268
V2As2S10_129_19979.vasp.cif,V2As2S10,0.45458927750587463,0.5598984360694885
Zr3B2Cl2_187_21733.vasp.cif,Zr3B2Cl2,0.005253346636891365,-0.12339189648628235
Cd2Sb2S4I2_11_3562.vasp.cif,Cd2Sb2S4I2,0.059652671217918396,-0.32486748695373535
Li2Ta2Cl12_4_10077.vasp.cif,Li2Ta2Cl12,0.06658387929201126,0.022468626499176025
V2H2O5_12_20077.vasp.cif,V2H2O5,0.06012984365224838,0.11036674678325653
Na1Sb5O8_1_11932.vasp.cif,NaSb5O8,0.27097904682159424,0.16957886517047882
Ga1Cu1S2_156_6170.vasp.cif,GaCuS2,0.16071094572544098,0.8903757929801941
K2Os2N2Cl10O2_2_9280.vasp.cif,K2Os2N2Cl10O2,-0.01063706073909998,0.023799844086170197
Al1Ni1F5_47_689.vasp.cif,AlNiF5,0.3013600707054138,0.4597264528274536
As1I1O1_156_1149.vasp.cif,AsIO,0.5194502472877502,0.49389877915382385
Sc2F6_191_16072.vasp.cif,Sc2F6,-0.03805927187204361,-0.25116220116615295
K4H8S4N4O12_57_9455.vasp.cif,K4H8S4N4O12,0.21484526991844177,0.050879284739494324
La2Cl2_164_9587.vasp.cif,La2Cl2,0.11471499502658844,0.22035782039165497
Ag2As2S4_26_156.vasp.cif,Ag2As2S4,0.19182920455932617,0.16869217157363892
K4Sn4C8O16F4_14_9517.vasp.cif,K4Sn4C8O16F4,0.05726494640111923,0.09175103157758713
Zr4B3H2O2_164_21802.vasp.cif,Zr4B3H2O2,0.33284297585487366,0.3479154407978058
Cd1Br2_115_3286.vasp.cif,CdBr2,0.1847594827413559,0.14178846776485443
Nb4Ni4S8_53_13103.vasp.cif,Nb4Ni4S8,0.2028569132089615,0.49991461634635925
Hg1H1I1O1_156_7860.vasp.cif,HgHIO,0.07422958314418793,0.17930875718593597
Pd4Se1S3I4_8_14524.vasp.cif,Pd4SeS3I4,0.1187683492898941,0.09129364788532257
Ge3N4_5_6912.vasp.cif,Ge3N4,0.00563449040055275,0.3203473389148712
Cr4O8F8_14_4616.vasp.cif,Cr4O8F8,-0.3159826397895813,-0.2055000513792038
In1Cu1P2O6_149_8227.vasp.cif,InCuP2O6,0.4814770519733429,0.45161542296409607
Na2Hf1O6F6_143_12145.vasp.cif,Na2HfO6F6,0.7911235094070435,1.0504802465438843
Sb4S6_4_15818.vasp.cif,Sb4S6,-0.0005273446440696716,0.2073836773633957
Mn1P2F12_2_10835.vasp.cif,MnP2F12,0.09929428994655609,0.026909565553069115
Bi2H12C4S2N18O2_2_2460.vasp.cif,Bi2H12C4S2N18O2,-0.9729930758476257,-0.7473752498626709
Hf1Sc1I1Cl1O1_8_7295.vasp.cif,HfScIClO,0.4040943682193756,0.4510159492492676
Au3S2I1Br1_1_1563.vasp.cif,Au3S2IBr,0.18574196100234985,0.2744716703891754
Pt2C8_65_14609.vasp.cif,Pt2C8,1.9837661981582642,2.104234457015991
Cr1Sb1O4_10_4254.vasp.cif,CrSbO4,0.07925005257129669,0.13988512754440308
Sb2Se4_14_15703.vasp.cif,Sb2Se4,0.05281013250350952,0.5708098411560059
P4Br12_14_14074.vasp.cif,P4Br12,0.11468783020973206,0.0585930272936821
Te1As1I1_156_18281.vasp.cif,TeAsI,0.15515750646591187,0.2379763424396515
Mn3B2O2F2_187_11356.vasp.cif,Mn3B2O2F2,1.0355310440063477,1.2421005964279175
Cr3S4_12_4579.vasp.cif,Cr3S4,0.0323445200920105,0.1808391809463501
As2Br2_2_1192.vasp.cif,As2Br2,0.13298915326595306,0.11983581632375717
C60_164_2773.vasp.cif,C60,0.4144051969051361,0.4102223217487335
Ti2Se6_59_19028.vasp.cif,Ti2Se6,0.04374060034751892,0.06877841800451279
Sb2P2O8_26_15623.vasp.cif,Sb2P2O8,0.24703700840473175,0.3183068633079529
Sb2P2O6_7_15621.vasp.cif,Sb2P2O6,0.2803020775318146,0.3385489881038666
Ho2Cl6_59_8133.vasp.cif,Ho2Cl6,0.15649032592773438,0.03162914887070656
Nb1V3O10_115_12613.vasp.cif,NbV3O10,0.029457999393343925,0.0961000919342041
Al2Se2_129_972.vasp.cif,Al2Se2,0.5305207967758179,0.40895918011665344
Sn2Cl2F2_11_16757.vasp.cif,Sn2Cl2F2,0.06329981982707977,0.08992022275924683
Bi8Se8O4_2_2697.vasp.cif,Bi8Se8O4,0.20757831633090973,0.20024821162223816
Sc2Sb2Te6_157_16149.vasp.cif,Sc2Sb2Te6,0.2968802750110626,0.2063351720571518
Re2Pd1O8_2_15072.vasp.cif,Re2PdO8,-0.012762825936079025,-0.32984140515327454
Ge2P2S6F2_7_6809.vasp.cif,Ge2P2S6F2,0.21731022000312805,0.07548029720783234
Hg4W2S8_13_8095.vasp.cif,Hg4W2S8,0.2411223202943802,0.23892609775066376
Mo1Au2Se4_111_11495.vasp.cif,MoAu2Se4,0.909417450428009,0.28005585074424744
Hf1Te2_164_7325.vasp.cif,HfTe2,0.311242938041687,0.11237391829490662
Ta4Pd6S10_59_18090.vasp.cif,Ta4Pd6S10,0.14543840289115906,0.14938731491565704
Hg2Pb4Br6O4_5_7985.vasp.cif,Hg2Pb4Br6O4,0.1699165403842926,0.22383950650691986
K2Hg4Br6O8_31_9172.vasp.cif,K2Hg4Br6O8,0.22952939569950104,0.22949019074440002
Na2C2S6F2_1_12002.vasp.cif,Na2C2S6F2,0.2406749576330185,0.26887765526771545
Zr2Te4P2Se1S1_1_21716.vasp.cif,Zr2Te4P2SeS,0.22818048298358917,0.3583471477031708
Nd1Ge2_123_13220.vasp.cif,NdGe2,0.7899935841560364,0.7857663035392761
Cu1S2_164_4958.vasp.cif,CuS2,0.24691756069660187,0.5335041284561157
Bi12O24_1_2299.vasp.cif,Bi12O24,0.230632022023201,0.2580236792564392
Cu2H4Pb2S2O12_11_5129.vasp.cif,Cu2H4Pb2S2O12,0.14041411876678467,0.2712862193584442
Ge1Bi1Se1S1_1_6647.vasp.cif,GeBiSeS,-0.014609906822443008,-0.08359787613153458
Tl2As2Se6_1_19364.vasp.cif,Tl2As2Se6,0.25489741563796997,0.3043554127216339
Pt1N2_10_14579.vasp.cif,PtN2,0.13134941458702087,0.03358347713947296
Ga2Fe1Se4_156_6351.vasp.cif,Ga2FeSe4,0.06364516913890839,0.09543649852275848
As2Pb2S6Cl2_7_1258.vasp.cif,As2Pb2S6Cl2,0.20797914266586304,0.43171602487564087
Ho2Cu2Pb2Se6_51_8137.vasp.cif,Ho2Cu2Pb2Se6,0.1580749899148941,0.18966206908226013
Mn2Au2Se3S1_1_10990.vasp.cif,Mn2Au2Se3S,0.6667786836624146,0.9015761017799377
Ca2P2I2O16_13_3088.vasp.cif,Ca2P2I2O16,0.37087076902389526,0.3160843551158905
Hf2S2I2_59_7571.vasp.cif,Hf2S2I2,0.010963564738631248,-0.008767509832978249
Na2S4I2F8_2_12292.vasp.cif,Na2S4I2F8,0.35734477639198303,0.19375404715538025
Nb2H2N1_164_12734.vasp.cif,Nb2H2N,0.04802054911851883,-0.008239676244556904
Mn2Te2H4O8_7_11297.vasp.cif,Mn2Te2H4O8,0.16851793229579926,0.3666212856769562
Bi4W2S12_4_2658.vasp.cif,Bi4W2S12,-0.3377850353717804,-0.33221399784088135
Cr2I6_162_4415.vasp.cif,Cr2I6,0.09199561178684235,0.04724626988172531
V2As2Se6_157_19982.vasp.cif,V2As2Se6,0.16053777933120728,0.27130064368247986
Ba1Ni4O8_162_1847.vasp.cif,BaNi4O8,0.1395566463470459,0.05689181387424469
Ag2As4S3Cl2_6_166.vasp.cif,Ag2As4S3Cl2,0.17429979145526886,0.11628245562314987
Ge1Te1_156_6716.vasp.cif,GeTe,-0.4010803997516632,-0.7179317474365234
Mn2Br2_164_11032.vasp.cif,Mn2Br2,0.22896338999271393,0.4640444815158844
La1Si3_187_9573.vasp.cif,LaSi3,0.40647125244140625,0.8636471629142761
V2F2_164_20058.vasp.cif,V2F2,0.11488911509513855,0.15274597704410553
Mn1Nb1Se3_6_10813.vasp.cif,MnNbSe3,0.21127519011497498,0.36930719017982483
Hf3S2N2F2_187_7724.vasp.cif,Hf3S2N2F2,0.9135262370109558,1.0003246068954468
Cr2Cu2As4Se12_13_4365.vasp.cif,Cr2Cu2As4Se12,0.18825332820415497,0.2092680037021637
Ni1Te2_164_13435.vasp.cif,NiTe2,0.01611127145588398,0.02528189681470394
Ge6P6_2_6967.vasp.cif,Ge6P6,-0.5027124285697937,-0.5138576030731201
Ta2Ni4Se4_51_17802.vasp.cif,Ta2Ni4Se4,-0.02305496856570244,0.05248018726706505
Hf2I2O2_59_7517.vasp.cif,Hf2I2O2,0.2954035699367523,0.3920176923274994
Ti2C1S2F2_164_18911.vasp.cif,Ti2CS2F2,0.4365960657596588,0.3928734064102173
Na1Sb2Pd1O6_5_11928.vasp.cif,NaSb2PdO6,0.37627771496772766,0.5027788877487183
In2Pt4S6_164_8534.vasp.cif,In2Pt4S6,0.36307457089424133,0.14084899425506592
Sc2H2O4_1_16085.vasp.cif,Sc2H2O4,0.47379764914512634,0.3579278588294983
P2Ir1Ru1S6_143_13990.vasp.cif,P2IrRuS6,0.0910649299621582,0.3013170063495636
Te6P4_1_18674.vasp.cif,Te6P4,0.37247952818870544,0.45925235748291016
Pd2S2O6_12_14464.vasp.cif,Pd2S2O6,0.2852517366409302,0.11625809222459793
Hf3Zr1Se8_6_7758.vasp.cif,Hf3ZrSe8,0.1264566332101822,0.31022611260414124
Cr2As4Au2O12_13_4313.vasp.cif,Cr2As4Au2O12,0.3054877817630768,0.5496848821640015
Cu1Te1Au1Se1I1Br1_1_4986.vasp.cif,CuTeAuSeIBr,0.17148293554782867,0.20912550389766693
Co2Pd4Se4_49_3974.vasp.cif,Co2Pd4Se4,0.13566045463085175,0.21646447479724884
Ga2Se2Br2_59_6467.vasp.cif,Ga2Se2Br2,0.17457057535648346,0.14814819395542145
Te2Pd2_164_18475.vasp.cif,Te2Pd2,0.1797814816236496,0.056974850594997406
Hf2Cl6_2_7481.vasp.cif,Hf2Cl6,0.10200363397598267,0.09659106284379959
Li1Ni1P1O4_3_9760.vasp.cif,LiNiPO4,0.24332226812839508,0.2922613322734833
Cd1O1_187_3384.vasp.cif,CdO,0.7799485921859741,0.47502583265304565
Sc4C3F2_164_16230.vasp.cif,Sc4C3F2,0.1250913292169571,0.1875934600830078
Zn6P6H18O30_2_21238.vasp.cif,Zn6P6H18O30,0.053956300020217896,0.020131099969148636
Mg2Mn8O18_85_10480.vasp.cif,Mg2Mn8O18,0.12662099301815033,0.24522137641906738
C12_191_2718.vasp.cif,C12,0.6789356470108032,0.7090322375297546
Ag1B6S2N6F4_6_20.vasp.cif,AgB6S2N6F4,0.5256658792495728,0.5891704559326172
Sr3Ag2I2O4_123_17345.vasp.cif,Sr3Ag2I2O4,0.04971586912870407,-0.036280110478401184
Ge2Sb2O6_162_6850.vasp.cif,Ge2Sb2O6,0.1597444713115692,0.23337706923484802
Ti6H4O14_6_19180.vasp.cif,Ti6H4O14,0.15613768994808197,0.16274817287921906
Sc1H2O2_164_15940.vasp.cif,ScH2O2,0.3435511291027069,0.7612541317939758
Ti4H2C3O2_164_19135.vasp.cif,Ti4H2C3O2,0.09257134050130844,-0.11656829714775085
Ga4Se4Cl4_14_6572.vasp.cif,Ga4Se4Cl4,0.0689024105668068,0.07061755657196045
Pd2S4_14_14477.vasp.cif,Pd2S4,0.195558562874794,0.1187693178653717
P10Se10_26_13901.vasp.cif,P10Se10,0.1934269368648529,0.3130454421043396
Hg2Sb2Se6_147_8012.vasp.cif,Hg2Sb2Se6,0.09882132709026337,0.051138702780008316
Cs2C2S2O6F6_4_4671.vasp.cif,Cs2C2S2O6F6,0.20151287317276,0.13601088523864746
Nb2Te6As2_2_12925.vasp.cif,Nb2Te6As2,0.2581150233745575,0.2859422266483307
Ni1Te1Se1I1_1_13432.vasp.cif,NiTeSeI,0.17278790473937988,0.23247379064559937
Ga1Sb1_187_6264.vasp.cif,GaSb,-0.4877258837223053,-0.3676321804523468
Li1Ni1Te6P2_5_9770.vasp.cif,LiNiTe6P2,0.2900265157222748,-0.007713161874562502
Pb1O2_115_14193.vasp.cif,PbO2,0.7005938291549683,0.531579315662384
Mn2O2_187_11175.vasp.cif,Mn2O2,0.3767718970775604,0.3609471619129181
Be2Si4_12_2269.vasp.cif,Be2Si4,-0.6670709848403931,-0.6219919919967651
Cd1H2S2_12_3339.vasp.cif,CdH2S2,0.09681761264801025,0.13591645658016205
Te4Au2Cl2_51_18568.vasp.cif,Te4Au2Cl2,0.01216811127960682,0.13427099585533142
Eu1Pb2_164_5592.vasp.cif,EuPb2,0.027417341247200966,0.018992291763424873
Fe2O6_11_5897.vasp.cif,Fe2O6,0.15372814238071442,0.2441204935312271
Nb1S1F1_156_12558.vasp.cif,NbSF,0.1720825880765915,0.4120514392852783
Ga1Se1Cl1_8_6270.vasp.cif,GaSeCl,0.1734301894903183,0.18165424466133118
Na6H2Se2S8_11_12441.vasp.cif,Na6H2Se2S8,0.20510834455490112,0.13200697302818298
K1Rb1Mg6O7_99_8929.vasp.cif,KRbMg6O7,-0.008856406435370445,0.08094257116317749
Ba3Fe2I2O5_123_2107.vasp.cif,Ba3Fe2I2O5,0.08216959238052368,0.06444373726844788
Ni2Sb1S2_187_13601.vasp.cif,Ni2SbS2,0.057990819215774536,0.2903246581554413
Ru2I2_164_15323.vasp.cif,Ru2I2,0.7916331887245178,0.6060892939567566
Hf1Pd1F6_149_7264.vasp.cif,HfPdF6,0.17430490255355835,0.038220517337322235
As1Se2_164_1181.vasp.cif,AsSe2,0.18855664134025574,0.25865474343299866
Bi1Sb2Te6Au1_143_2385.vasp.cif,BiSb2Te6Au,0.2651015520095825,0.24306009709835052
Ca1H2O2_164_2844.vasp.cif,CaH2O2,0.08815792948007584,0.08122330158948898
Ag1Au2Se3Br1_1_16.vasp.cif,AgAu2Se3Br,0.18367721140384674,0.3225010931491852
Te3P4Au2F2_6_18556.vasp.cif,Te3P4Au2F2,0.394656240940094,0.5646554827690125
Ga1Ge1Te3_174_6197.vasp.cif,GaGeTe3,0.2900369167327881,0.12909097969532013
Cu2H8C12N10_2_5138.vasp.cif,Cu2H8C12N10,-1.610619068145752,-1.3701794147491455
Na2C2N2O2_31_11997.vasp.cif,Na2C2N2O2,0.15090905129909515,-0.05671023577451706
Hf2Te6P2_12_7644.vasp.cif,Hf2Te6P2,0.3195650577545166,0.2889396548271179
Cr2W2Se8_25_4540.vasp.cif,Cr2W2Se8,-0.18512369692325592,-0.17355230450630188
La2Pb12Br2O14_51_9606.vasp.cif,La2Pb12Br2O14,0.11819937825202942,0.057106319814920425
Cd1S1F2_156_3410.vasp.cif,CdSF2,0.44658252596855164,0.4847514033317566
Ge2B2As2H6S6_7_6746.vasp.cif,Ge2B2As2H6S6,0.20506934821605682,0.2535124123096466
Cd1P1_8_3387.vasp.cif,CdP,0.7345476746559143,0.8056576251983643
Sb2Te6As2_157_15733.vasp.cif,Sb2Te6As2,0.1574765294790268,0.2518438994884491
Co2Te3O8_5_4042.vasp.cif,Co2Te3O8,-0.15405996143817902,0.1035957783460617
Ni2Sb2Te5_8_13618.vasp.cif,Ni2Sb2Te5,0.260579377412796,0.22633206844329834
Ag4C4N12O8_57_508.vasp.cif,Ag4C4N12O8,0.37889283895492554,0.21245013177394867
Lu1Pb2_123_10297.vasp.cif,LuPb2,-0.26757872104644775,-0.3403208553791046
Ag1B6H4N6O2_6_18.vasp.cif,AgB6H4N6O2,0.789423406124115,0.2586394250392914
Cd1Pd1Cl4_2_3398.vasp.cif,CdPdCl4,0.15140753984451294,0.06935295462608337
Tl1Sn2_123_19349.vasp.cif,TlSn2,0.008170736953616142,-2.4003143310546875
Cu2S2I2_59_5247.vasp.cif,Cu2S2I2,0.12420348823070526,0.27933570742607117
Cd1Au1Br2_6_3268.vasp.cif,CdAuBr2,0.23276524245738983,1.0217435359954834
Ir2Br2_129_8766.vasp.cif,Ir2Br2,1.4441295862197876,1.8184881210327148
Na2C4S2_31_12009.vasp.cif,Na2C4S2,0.9312235713005066,1.0910998582839966
Al2H2O4_1_859.vasp.cif,Al2H2O4,-0.31507474184036255,-0.5096926689147949
Hf4Se6S2_12_7818.vasp.cif,Hf4Se6S2,0.14329561591148376,0.1203751191496849
Ta2C1O2_164_17677.vasp.cif,Ta2CO2,0.19755896925926208,0.027963263913989067
Sc2Cl2O2_129_16060.vasp.cif,Sc2Cl2O2,0.5831553936004639,1.345588207244873
Nb2Br6_162_12657.vasp.cif,Nb2Br6,0.13331538438796997,0.23216459155082703
Au1F1_156_1422.vasp.cif,AuF,1.317145824432373,1.420163631439209
Zr2Ge2S8_31_21569.vasp.cif,Zr2Ge2S8,0.052753642201423645,0.08503587543964386
K2Fe2Bi2_129_9100.vasp.cif,K2Fe2Bi2,1.0803121328353882,1.155671238899231
Mn2Sb2S4I2_26_11242.vasp.cif,Mn2Sb2S4I2,0.09978649020195007,0.382331520318985
V1W1Cl6_12_19952.vasp.cif,VWCl6,0.1715337038040161,0.20694655179977417
Sn2H2_164_16771.vasp.cif,Sn2H2,0.5317544937133789,-0.9036198258399963
Mg3Si2H4O9_157_10563.vasp.cif,Mg3Si2H4O9,-0.09671294689178467,0.05154701694846153
Li1Ga1P2O6_5_9710.vasp.cif,LiGaP2O6,0.22076499462127686,0.22667858004570007
Sr2H8S4Cl4_30_17248.vasp.cif,Sr2H8S4Cl4,0.058787643909454346,0.06530138850212097
Ta2Te6Pd4_11_17922.vasp.cif,Ta2Te6Pd4,0.0723523274064064,0.06343347579240799
In2S2O8F2_11_8550.vasp.cif,In2S2O8F2,0.353161096572876,0.6459382772445679
Rb2C4_129_14800.vasp.cif,Rb2C4,1.374802827835083,1.433212161064148
Be2Sb4_12_2268.vasp.cif,Be2Sb4,0.1172160804271698,0.08184096962213516
Na2Hf4Cu2Se10_59_12148.vasp.cif,Na2Hf4Cu2Se10,0.1226276159286499,0.12448734045028687
Be2B1O5_5_2240.vasp.cif,Be2BO5,0.5875304341316223,0.7220401167869568
Ti1Sb2_187_18845.vasp.cif,TiSb2,0.7129517197608948,0.566519558429718
Rh1Au1Br2O2_1_15141.vasp.cif,RhAuBr2O2,0.4128116965293884,0.40363770723342896
Cr2Se2_164_4501.vasp.cif,Cr2Se2,0.478179007768631,0.3899897634983063
Re1Te2Cl12_2_15025.vasp.cif,ReTe2Cl12,0.15239886939525604,0.5206512212753296
K2Nb2Cl12_1_9260.vasp.cif,K2Nb2Cl12,0.10826276242733002,0.06978687644004822
Zn4Se4O12_29_21225.vasp.cif,Zn4Se4O12,0.3030805289745331,0.21954427659511566
Hf4C3S2F2_164_7776.vasp.cif,Hf4C3S2F2,0.6727975010871887,0.7091354131698608
Sc7I10_2_16279.vasp.cif,Sc7I10,0.06320852041244507,0.09632261842489243
N4O8_31_11799.vasp.cif,N4O8,0.21790023148059845,0.13028328120708466
Li1Tl1I4O12_2_9805.vasp.cif,LiTlI4O12,0.1699105203151703,0.09255155175924301
Cr2Pd1S4_164_4460.vasp.cif,Cr2PdS4,0.07653217017650604,0.09342797845602036
P6Pb6_12_14140.vasp.cif,P6Pb6,0.6050029397010803,0.6797345280647278
Ga2S5_12_6456.vasp.cif,Ga2S5,0.2176390141248703,0.15576279163360596
Sn2As6_164_16731.vasp.cif,Sn2As6,-0.05270417779684067,0.3996908366680145
Li2Ni5Pd1Se3S8Br1_1_10030.vasp.cif,Li2Ni5PdSe3S8Br,0.19692246615886688,0.2055700123310089
Nb4Zn4Cu2O16_2_13183.vasp.cif,Nb4Zn4Cu2O16,0.2161865085363388,0.23781566321849823
V2Te2O1_164_20210.vasp.cif,V2Te2O,0.19016095995903015,0.22988547384738922
Ca2Cu1Te2Cl2_38_3007.vasp.cif,Ca2CuTe2Cl2,0.18209972977638245,0.2769821882247925
In1Bi1_187_8209.vasp.cif,InBi,-0.2267361879348755,0.14386405050754547
K4Mo6O20_13_9476.vasp.cif,K4Mo6O20,0.13125775754451752,0.09224014729261398
Si2N2_164_16412.vasp.cif,Si2N2,-0.7439801692962646,-0.8592785596847534
Ni1S2_123_13414.vasp.cif,NiS2,0.04709632694721222,0.5991464257240295
Co2F8_7_3901.vasp.cif,Co2F8,0.2242085486650467,0.019764315336942673
Zr1Zn2Se1Cl4_1_21498.vasp.cif,ZrZn2SeCl4,0.24787630140781403,0.219107985496521
Na2Ni2Bi2_129_12237.vasp.cif,Na2Ni2Bi2,0.13140247762203217,0.451872318983078
Cs2P2H6O6F2_1_4765.vasp.cif,Cs2P2H6O6F2,0.07549833506345749,0.01698453724384308
Ca2Co2Ge2_129_2988.vasp.cif,Ca2Co2Ge2,0.21758456528186798,0.18012288212776184
Cd2Cl8_53_3488.vasp.cif,Cd2Cl8,0.4502410888671875,0.41188859939575195
Na2Ag1O2_12_11960.vasp.cif,Na2AgO2,0.24656067788600922,0.03354847803711891
Hg2Pt4Se6_164_7989.vasp.cif,Hg2Pt4Se6,0.1454208344221115,0.2486521452665329
Hg2H2Cl2O8_28_7963.vasp.cif,Hg2H2Cl2O8,0.1758587807416916,0.20228835940361023
Ba2H8O6_11_1995.vasp.cif,Ba2H8O6,0.045471616089344025,0.11860068887472153
Ca1Sn2_164_2888.vasp.cif,CaSn2,0.2749090790748596,0.17130155861377716
Ca3Mn2Br2O5_123_3184.vasp.cif,Ca3Mn2Br2O5,-0.06810392439365387,-0.1788296103477478
Fe1Cu1Se1Cl2O1_25_5670.vasp.cif,FeCuSeCl2O,0.018513986840844154,0.22789494693279266
Cr1Cu1I6_5_4150.vasp.cif,CrCuI6,0.11743530631065369,0.15053829550743103
Pd2S4F2_2_14475.vasp.cif,Pd2S4F2,0.2501022219657898,0.20103856921195984
Sn1Br2_115_16618.vasp.cif,SnBr2,0.16952809691429138,0.2849484086036682
V1In2S4_164_19873.vasp.cif,VIn2S4,0.08139223605394363,0.24909941852092743
Fe1S2_115_5745.vasp.cif,FeS2,0.18180261552333832,-0.027257444337010384
Bi2S2I2_59_2514.vasp.cif,Bi2S2I2,0.030398348346352577,0.06313818693161011
Cd1H1S1Br1_156_3330.vasp.cif,CdHSBr,0.05135241150856018,0.10762328654527664
Sc3In2I1Br1Cl4O5_1_16209.vasp.cif,Sc3In2IBrCl4O5,0.11847551167011261,0.29334279894828796
Cu4Cl4O4_14_5404.vasp.cif,Cu4Cl4O4,0.23324690759181976,0.22822223603725433
As2Pd2O6_162_1266.vasp.cif,As2Pd2O6,0.5072764754295349,0.5846607685089111
Ge2Sb2S6_28_6856.vasp.cif,Ge2Sb2S6,-0.1425415575504303,0.16406485438346863
Mn1Zn1I1Br1O1_6_10941.vasp.cif,MnZnIBrO,0.2658233642578125,0.19810751080513
Mg3Bi3_25_10544.vasp.cif,Mg3Bi3,0.0822155624628067,0.1757722645998001
Mn3Co1O8_164_11371.vasp.cif,Mn3CoO8,-0.08084231615066528,-0.025783874094486237
Ga1I2_115_6202.vasp.cif,GaI2,0.1863708347082138,0.2988993227481842
Mn1H10C8O12_2_10758.vasp.cif,MnH10C8O12,0.1850769966840744,0.30362269282341003
Mn2S3Cl3_1_11224.vasp.cif,Mn2S3Cl3,0.21639299392700195,0.18559445440769196
Y2Co2_164_20724.vasp.cif,Y2Co2,0.987459659576416,0.2944214344024658
Zn2Sb2Se6_147_21148.vasp.cif,Zn2Sb2Se6,0.5514132380485535,0.3743433654308319
Cu1Te3W1Br1_6_4998.vasp.cif,CuTe3WBr,0.0602748841047287,0.4005456566810608
Cu2Te2F2_59_5331.vasp.cif,Cu2Te2F2,0.34644201397895813,0.32391420006752014
Mn2Se2F2_59_11277.vasp.cif,Mn2Se2F2,0.026133043691515923,0.09358000010251999
In2Cl2_164_8400.vasp.cif,In2Cl2,0.19720329344272614,0.18406285345554352
Li1Bi1S1_99_9663.vasp.cif,LiBiS,-0.189158633351326,-0.01681235246360302
Cd2Sb2Se6_147_3564.vasp.cif,Cd2Sb2Se6,0.03383803367614746,0.007649137172847986
Ca1Ag1I2_8_2792.vasp.cif,CaAgI2,0.6801995635032654,0.6500839591026306
Li2Pt1O6_162_10045.vasp.cif,Li2PtO6,0.20458072423934937,0.8774009346961975
P2Ru2S6_157_14043.vasp.cif,P2Ru2S6,0.08812253922224045,0.18412934243679047
In1S1_123_8326.vasp.cif,InS,0.25777900218963623,0.45715028047561646
Sb8N4O24_2_15867.vasp.cif,Sb8N4O24,0.13832902908325195,0.11721096187829971
Tl2Cu6S4_12_19406.vasp.cif,Tl2Cu6S4,0.16287170350551605,0.03813513368368149
Li4H4S4O16_14_10195.vasp.cif,Li4H4S4O16,-0.10769262164831161,0.060967423021793365
Sc2Te1Br1O1_25_16170.vasp.cif,Sc2TeBrO,0.21858103573322296,0.33575665950775146
B6Pd1C2Br2F4_6_1783.vasp.cif,B6PdC2Br2F4,0.6083951592445374,0.7525808215141296
K2Te2C4_31_9369.vasp.cif,K2Te2C4,1.3839855194091797,1.1578168869018555
Zn2Fe1C6N6_2_21074.vasp.cif,Zn2FeC6N6,0.5447834730148315,0.3492558002471924
Ga2Se2O8F2_11_6474.vasp.cif,Ga2Se2O8F2,0.3648435175418854,0.17365483939647675
Na2Bi2Pd2_12_11991.vasp.cif,Na2Bi2Pd2,0.11349064111709595,0.17594265937805176
Mo1Se1S1_156_11548.vasp.cif,MoSeS,0.09808110445737839,0.04144585505127907
Sb1Se1_123_15502.vasp.cif,SbSe,0.19099168479442596,0.6504029631614685
Al2Se5_1_977.vasp.cif,Al2Se5,0.15981397032737732,0.1348133534193039
Ca2Ag1Se2Br2_38_2912.vasp.cif,Ca2AgSe2Br2,0.0944492295384407,0.17142079770565033
Nb2Co2Se6_11_12692.vasp.cif,Nb2Co2Se6,0.12175530195236206,0.20567800104618073
V1W3S8_25_19964.vasp.cif,VW3S8,-0.20226767659187317,-0.06800508499145508
Y3B2F2_187_20786.vasp.cif,Y3B2F2,0.4120537042617798,0.3755837082862854
Ge1Te2_187_6720.vasp.cif,GeTe2,-0.190732941031456,-0.22219732403755188
Li1Al1Sb2O6_5_9645.vasp.cif,LiAlSb2O6,0.6314865350723267,0.6975433826446533
P12S12_7_13905.vasp.cif,P12S12,0.10390031337738037,0.34689751267433167
In2Se3_189_8592.vasp.cif,In2Se3,0.19171082973480225,0.3666095733642578
Al2In2S6_31_890.vasp.cif,Al2In2S6,0.07607046514749527,0.11877135932445526
Tl1Fe5F2_123_19268.vasp.cif,TlFe5F2,1.9446603059768677,1.6501096487045288
Ca2Cu1Se2Br2_38_3002.vasp.cif,Ca2CuSe2Br2,0.08240477740764618,0.19378192722797394
Hf1V1Sb1H1Br1O4_1_7355.vasp.cif,HfVSbHBrO4,0.2804774343967438,0.17195308208465576
Nd2I2O2_129_13239.vasp.cif,Nd2I2O2,0.059990763664245605,0.055076587945222855
Bi2Cl2O2_129_2442.vasp.cif,Bi2Cl2O2,0.15111228823661804,0.070175901055336
V2Ni1Te4_164_20117.vasp.cif,V2NiTe4,0.03739074617624283,0.2396801859140396
Al4Sb4_127_1090.vasp.cif,Al4Sb4,-0.18267349898815155,-0.18423746526241302
Mg1O2_12_10392.vasp.cif,MgO2,0.40268781781196594,0.5906336307525635
Cr4C3Cl2_164_4594.vasp.cif,Cr4C3Cl2,0.21827344596385956,0.19840523600578308
Yb2Sb2S4O2_12_20885.vasp.cif,Yb2Sb2S4O2,-0.38850295543670654,-0.6319686770439148
W4O10_59_20589.vasp.cif,W4O10,0.275865763425827,0.4531007409095764
Bi4Se4_14_2645.vasp.cif,Bi4Se4,0.42279499769210815,0.24168729782104492
Cu2Hg2Te2Br2_26_5162.vasp.cif,Cu2Hg2Te2Br2,0.30431365966796875,0.16609860956668854
Ca3I6_5_3181.vasp.cif,Ca3I6,0.1088811606168747,0.11523271352052689
Ba2Cu1S2I2_38_1969.vasp.cif,Ba2CuS2I2,0.08325089514255524,0.04507124423980713
Y2S1Cl2O1_1_20767.vasp.cif,Y2SCl2O,0.17229601740837097,0.3967336118221283
Zr4H12N4F16_2_21819.vasp.cif,Zr4H12N4F16,0.15625666081905365,0.040949080139398575
Cu2B4H4N2Cl2_2_5035.vasp.cif,Cu2B4H4N2Cl2,0.6518189907073975,0.7580265402793884
Sr1Si1Ag1Ge1I2_1_17082.vasp.cif,SrSiAgGeI2,-0.0391344279050827,0.017487281933426857
Sn2Sb2S6F2_7_16866.vasp.cif,Sn2Sb2S6F2,0.22567886114120483,0.40969187021255493
Ge2F2_164_6773.vasp.cif,Ge2F2,0.4251788556575775,0.07265372574329376
Ba4P4Se8Cl4_14_2172.vasp.cif,Ba4P4Se8Cl4,0.14526955783367157,0.11585753411054611
P2W2_12_14062.vasp.cif,P2W2,-0.011514756828546524,-0.5019899010658264
B2H6O6_175_1673.vasp.cif,B2H6O6,0.1496945321559906,0.031576238572597504
Cu2H4_12_5134.vasp.cif,Cu2H4,1.9189244508743286,2.065258502960205
Si1B1H2_156_16318.vasp.cif,SiBH2,0.22119659185409546,0.19240707159042358
Cd2Bi2I2O4_11_3467.vasp.cif,Cd2Bi2I2O4,0.2432105392217636,0.12432311475276947
Nb6S18_11_13195.vasp.cif,Nb6S18,-0.032161083072423935,-0.017064658924937248
Os1Cl2_164_13797.vasp.cif,OsCl2,0.5608249306678772,0.20884720981121063
Hf3Te2H2C2_187_7735.vasp.cif,Hf3Te2H2C2,0.4462534487247467,0.5518329739570618
Eu1N2_6_5590.vasp.cif,EuN2,0.5194079279899597,1.3742784261703491
In2Se2Br2_31_8575.vasp.cif,In2Se2Br2,0.08536815643310547,0.07159709185361862
Fe1S2N1O8_143_5744.vasp.cif,FeS2NO8,0.3216336965560913,0.5041207075119019
Ti1Cr1Se1I1Br2_6_18772.vasp.cif,TiCrSeIBr2,0.07614180445671082,0.12374246120452881
Cs4Hg2I8_11_4812.vasp.cif,Cs4Hg2I8,0.1949414163827896,0.14785076677799225
Ag2Sb2O6_2_399.vasp.cif,Ag2Sb2O6,0.5024595260620117,0.5306436419487
Ce1Ge5_47_3645.vasp.cif,CeGe5,-0.097871795296669,-0.07945595681667328
Ba2Au1S2I2_123_1910.vasp.cif,Ba2AuS2I2,0.127620667219162,0.11349885910749435
Zr3Nb1Se8_10_21777.vasp.cif,Zr3NbSe8,0.1380133181810379,0.12667986750602722
Na3Sc1Cl6_10_12358.vasp.cif,Na3ScCl6,0.16104699671268463,0.13754670321941376
Tl4Cl4_57_19598.vasp.cif,Tl4Cl4,0.06291300803422928,-0.09224728494882584
Cu6O2F10_4_5497.vasp.cif,Cu6O2F10,0.12242059409618378,0.170851930975914
Mn3V1O8_12_11418.vasp.cif,Mn3VO8,0.11682617664337158,-0.005604183301329613
Zn2Ga2S5_156_21082.vasp.cif,Zn2Ga2S5,0.18886637687683105,0.19500195980072021
V2H4_12_20085.vasp.cif,V2H4,0.4739953279495239,0.35723698139190674
Nb1Cu1Cl2O2_6_12495.vasp.cif,NbCuCl2O2,0.22861607372760773,0.2402757853269577
In1Te1S1_1_8363.vasp.cif,InTeS,0.31145352125167847,0.2691473662853241
Sr2Au2_191_17136.vasp.cif,Sr2Au2,0.4184349775314331,0.34511861205101013
Ru1I2_115_15272.vasp.cif,RuI2,0.3385230302810669,0.4607876241207123
Sn2As2O8_13_16724.vasp.cif,Sn2As2O8,0.1524369716644287,0.2699407637119293
Cu2Mo1Se4_111_5187.vasp.cif,Cu2MoSe4,0.2326735407114029,0.13701504468917847
Cs1Pb1S2_156_4647.vasp.cif,CsPbS2,-0.07902319729328156,-0.37569573521614075
Sb1Br2_115_15439.vasp.cif,SbBr2,0.40988263487815857,0.49195024371147156
Na2Mg1H4Se2O10_2_12191.vasp.cif,Na2MgH4Se2O10,0.06665538996458054,0.06417395174503326
Cu2H10C4S2N2O12_4_5102.vasp.cif,Cu2H10C4S2N2O12,0.19475311040878296,0.16220788657665253
Ag2Br2_51_204.vasp.cif,Ag2Br2,0.15910471975803375,0.10008896887302399
Ti2N1F2_164_18965.vasp.cif,Ti2NF2,-0.2971383035182953,-0.4053468108177185
Cd2Si1S4_21_3578.vasp.cif,Cd2SiS4,0.17228761315345764,0.48974499106407166
Co2Bi2Se4I2_10_3867.vasp.cif,Co2Bi2Se4I2,0.22104980051517487,0.25896894931793213
Br5N1_3_2711.vasp.cif,Br5N,0.31935980916023254,0.39431601762771606
Hf2I2_129_7518.vasp.cif,Hf2I2,0.7177699208259583,0.7567529082298279
Ag2As2Se6F12_10_159.vasp.cif,Ag2As2Se6F12,0.21860867738723755,0.0574617013335228
H4Au2C6Br2_2_7056.vasp.cif,H4Au2C6Br2,0.44831690192222595,0.33481454849243164
Ti1Ga2S4_164_18782.vasp.cif,TiGa2S4,0.09074615687131882,-0.033810440450906754
Tc4S4O24F4_14_18254.vasp.cif,Tc4S4O24F4,0.21474947035312653,0.028208579868078232
Te4Mo2_11_18593.vasp.cif,Te4Mo2,0.012317312881350517,-0.10722081363201141
In2Te2Br2_31_8614.vasp.cif,In2Te2Br2,-0.10750392824411392,0.06826038658618927
Eu2Br2O2_129_5598.vasp.cif,Eu2Br2O2,-0.793221116065979,-1.0570993423461914
V3F8_164_20259.vasp.cif,V3F8,-0.353204607963562,-0.30816856026649475
P8Pb4_26_14152.vasp.cif,P8Pb4,0.3480498194694519,0.5739686489105225
Cu6Bi2Te4Cl2O16_31_5494.vasp.cif,Cu6Bi2Te4Cl2O16,0.2634294033050537,0.31142669916152954
Hg2C2S2N2Cl2_31_7949.vasp.cif,Hg2C2S2N2Cl2,0.038960061967372894,0.19468249380588531
P4H8Pb2O16_2_14081.vasp.cif,P4H8Pb2O16,0.027109330520033836,0.07216427475214005
Te1Ir1Au2Se2S1_1_18292.vasp.cif,TeIrAu2Se2S,0.420132040977478,0.4150440990924835
Hg1S2_187_7911.vasp.cif,HgS2,0.3748481571674347,0.6656863689422607
Mn1Sb1S1Br2_1_10859.vasp.cif,MnSbSBr2,0.15458250045776367,0.01758907362818718
Ir1Se1Br1_156_8760.vasp.cif,IrSeBr,-0.06245485693216324,-0.09681809693574905
As4I12_14_1329.vasp.cif,As4I12,0.41178077459335327,0.05078586935997009
Zn1Ga1Te2_156_20935.vasp.cif,ZnGaTe2,0.08760640025138855,0.30901995301246643
Cd1Pd2S1I2_1_3404.vasp.cif,CdPd2SI2,0.18788498640060425,0.16945290565490723
Tl2As2S6_5_19363.vasp.cif,Tl2As2S6,0.42624446749687195,0.4773635268211365
Al2Br6_26_780.vasp.cif,Al2Br6,0.07128898799419403,0.08403997868299484
Cu4H12C8N16_14_5407.vasp.cif,Cu4H12C8N16,-1.7041009664535522,-1.887147307395935
Ga1_191_6299.vasp.cif,Ga,0.11323149502277374,-0.03831091895699501
K8Fe2_125_9551.vasp.cif,K8Fe2,0.3038996756076813,0.9968976974487305
Hf3B2Te2F2_187_7686.vasp.cif,Hf3B2Te2F2,0.8866936564445496,0.7247664928436279
Te3As4Au2Cl2_6_18544.vasp.cif,Te3As4Au2Cl2,0.24957935512065887,0.17227493226528168
Pd1O2_164_14375.vasp.cif,PdO2,0.3763764202594757,0.06517263501882553
Nd1Cl2_123_13218.vasp.cif,NdCl2,0.09686876833438873,0.1137256920337677
Ca1Pb1I2O2_1_2865.vasp.cif,CaPbI2O2,0.17079868912696838,0.09137924760580063
K2I2Cl4O2_11_9202.vasp.cif,K2I2Cl4O2,0.29178741574287415,0.15058133006095886
Ga2Cl2_129_6319.vasp.cif,Ga2Cl2,0.11444926261901855,0.14833655953407288
Ni1C6F6_47_13301.vasp.cif,NiC6F6,0.29642534255981445,0.44327226281166077
Si1Te1_156_16375.vasp.cif,SiTe,0.17841756343841553,0.13028891384601593
Cr2P4_2_4459.vasp.cif,Cr2P4,0.468283474445343,0.7559666037559509
Os1Cl2_115_13796.vasp.cif,OsCl2,0.3601092994213104,0.6747277975082397
C2Br8_1_2742.vasp.cif,C2Br8,0.42012691497802734,0.5820112824440002
Sr2Mg4_51_17274.vasp.cif,Sr2Mg4,0.5005699992179871,0.45708373188972473
Hf2Te2I2_59_7634.vasp.cif,Hf2Te2I2,0.1039077639579773,0.04931773617863655
Mn2Cl8_14_11056.vasp.cif,Mn2Cl8,0.15560282766819,0.1319892853498459
Ta2Cr2Te10_11_17716.vasp.cif,Ta2Cr2Te10,0.051255472004413605,0.0601392425596714
Sc4Te10O26_2_16264.vasp.cif,Sc4Te10O26,0.06799382716417313,0.07644395530223846
Fe2I2_129_5864.vasp.cif,Fe2I2,1.1127638816833496,1.0926704406738281
Zr2Te2S1_164_21708.vasp.cif,Zr2Te2S,0.04847831279039383,-0.043291132897138596
Sb2S2Br2_59_15674.vasp.cif,Sb2S2Br2,-0.5016638040542603,-0.6822568774223328
Na1Cd1Br2O1_1_11839.vasp.cif,NaCdBr2O,0.09149045497179031,0.36064037680625916
Bi2P2Pb8O16_2_2490.vasp.cif,Bi2P2Pb8O16,0.12140704691410065,-0.09656677395105362
Ba4Ni2Cl2O6_129_2166.vasp.cif,Ba4Ni2Cl2O6,-0.06834706664085388,-0.11203869432210922
V2Sb2Te6_162_20177.vasp.cif,V2Sb2Te6,0.2608943283557892,0.27661994099617004
Mn2C1Cl2_164_11037.vasp.cif,Mn2CCl2,0.3281008303165436,0.1309032291173935
Ag2Sb4O12_12_407.vasp.cif,Ag2Sb4O12,0.21621893346309662,0.17904461920261383
K2Mg1Se2S8F4_2_9225.vasp.cif,K2MgSe2S8F4,0.41464099287986755,0.6851733326911926
Al2Cl6_26_798.vasp.cif,Al2Cl6,0.2151365876197815,0.14614008367061615
Ca3F6_12_3172.vasp.cif,Ca3F6,0.2121559977531433,0.1224905326962471
Sr2Cl2F2_129_17179.vasp.cif,Sr2Cl2F2,0.076107457280159,0.09077703207731247
Te2Pt2O6_12_18486.vasp.cif,Te2Pt2O6,0.2048945128917694,0.19576607644557953
Na4Bi4O8_57_12369.vasp.cif,Na4Bi4O8,0.24453480541706085,-0.22906847298145294
In2Pd1Se4_164_8528.vasp.cif,In2PdSe4,0.11288619041442871,0.06869922578334808
Mg1Zn7O8_6_10414.vasp.cif,MgZn7O8,0.3651607036590576,0.34067171812057495
Cd1Fe1I1O1F1_1_3308.vasp.cif,CdFeIOF,0.20250435173511505,0.30819088220596313
V1S1I2_47_19911.vasp.cif,VSI2,0.10658541321754456,0.24367143213748932
Ta2Ge2Sb2_129_17742.vasp.cif,Ta2Ge2Sb2,0.235820010304451,0.3092605769634247
Nb4S12_2_13138.vasp.cif,Nb4S12,0.020379481837153435,0.011724566109478474
Tl2Bi2P4S12_4_19373.vasp.cif,Tl2Bi2P4S12,0.0838627964258194,0.09363733232021332
Ga1Ni5Cl2_123_6221.vasp.cif,GaNi5Cl2,0.2299998551607132,-0.019062750041484833
Sr2I4O12_4_17257.vasp.cif,Sr2I4O12,0.21376147866249084,0.13770997524261475
Mn3Hg2O8_10_11389.vasp.cif,Mn3Hg2O8,0.04018726199865341,0.2051316797733307
Cu2H8C10S2N6_4_5137.vasp.cif,Cu2H8C10S2N6,-0.015478232875466347,0.30159690976142883
Hf1I2_115_7199.vasp.cif,HfI2,0.47474637627601624,0.857951819896698
Al2Cl2_129_793.vasp.cif,Al2Cl2,0.6970860958099365,0.9086558222770691
Cr1Te1O1_156_4271.vasp.cif,CrTeO,0.14023175835609436,0.17967981100082397
K2Cd4Te2Br6O6_31_9066.vasp.cif,K2Cd4Te2Br6O6,0.28426027297973633,0.2533389627933502
La2Sm2I8_13_9616.vasp.cif,La2Sm2I8,0.07673043012619019,0.06125947833061218
La1Se3_99_9572.vasp.cif,LaSe3,0.13051338493824005,0.37335723638534546
Mn1Te2_164_10912.vasp.cif,MnTe2,0.04726996272802353,0.34322401881217957
In1Ag1Sb2O6_149_8182.vasp.cif,InAgSb2O6,0.6405516266822815,0.7160268425941467
Au2O4_14_1504.vasp.cif,Au2O4,0.46484529972076416,0.4186309576034546
Hf1S2_115_7280.vasp.cif,HfS2,0.6174862384796143,0.5879177451133728
Si3As2O9_174_16463.vasp.cif,Si3As2O9,0.17816483974456787,0.07946959137916565
Ta2S2_164_17855.vasp.cif,Ta2S2,0.28109174966812134,0.2509000599384308
Zr1As2H2O6_164_21243.vasp.cif,ZrAs2H2O6,0.3037565052509308,0.3152693212032318
Li2H8Cl2O4_2_9957.vasp.cif,Li2H8Cl2O4,0.10288433730602264,0.04119514301419258
W2Se2_129_20547.vasp.cif,W2Se2,0.6642518043518066,0.5893000960350037
Zr1Sb2S6F2_164_21426.vasp.cif,ZrSb2S6F2,0.5488904714584351,0.6875383257865906
Mg1Pb2_164_10393.vasp.cif,MgPb2,0.03944392502307892,0.00942297000437975
Te2P2O10F2_1_18438.vasp.cif,Te2P2O10F2,0.3008860647678375,0.3092922270298004
In4I4_51_8676.vasp.cif,In4I4,0.37366899847984314,0.39017540216445923
W2C3_187_20479.vasp.cif,W2C3,0.8306090831756592,0.45686882734298706
Li1Al1As2Se6_5_9638.vasp.cif,LiAlAs2Se6,0.17565251886844635,0.2695792317390442
Tl1Ag1As2Se6_149_19200.vasp.cif,TlAgAs2Se6,0.2072661966085434,0.8562994599342346
Y1I1Cl1_156_20641.vasp.cif,YICl,0.08464553952217102,0.1543341726064682
Al2Co2Te5_187_809.vasp.cif,Al2Co2Te5,0.26614174246788025,0.28360888361930847
Ir2Cl6_191_8780.vasp.cif,Ir2Cl6,0.5663397312164307,0.6516634821891785
W2Se2N1_8_20546.vasp.cif,W2Se2N,-0.3680858314037323,-0.43921729922294617
Zr4Tl4F20_14_21858.vasp.cif,Zr4Tl4F20,0.1560472697019577,0.05324038490653038
K2Cd4Te2S6F6_31_9072.vasp.cif,K2Cd4Te2S6F6,0.39377254247665405,0.31807857751846313
Tl1Ga1Hg1Se4_156_19273.vasp.cif,TlGaHgSe4,0.13569484651088715,0.06534090638160706
Co1Au1Br2O2_6_3697.vasp.cif,CoAuBr2O2,0.19241148233413696,0.3992111384868622
Sc1P2Au1O6_149_15972.vasp.cif,ScP2AuO6,0.583088755607605,0.6576226949691772
K1Mo2Cl6O2_47_8917.vasp.cif,KMo2Cl6O2,0.06204058974981308,0.061877768486738205
Na4C1O4_38_12373.vasp.cif,Na4CO4,0.3671933710575104,0.2471519112586975
Li2Ti2N2Cl2_59_10095.vasp.cif,Li2Ti2N2Cl2,0.02041272632777691,0.12391211092472076
Zr1Ge3Te1Se4Cl3_1_21303.vasp.cif,ZrGe3TeSe4Cl3,0.18655680119991302,0.27865368127822876
Co1H4C6N2Cl2_25_3763.vasp.cif,CoH4C6N2Cl2,0.24252797663211823,0.21138451993465424
Li2Ti2C2I2_59_10093.vasp.cif,Li2Ti2C2I2,0.12660624086856842,0.17098493874073029
Nb2F6_162_12714.vasp.cif,Nb2F6,0.1986406296491623,0.333050400018692
Zn1Cu1S2I1Cl1_1_20919.vasp.cif,ZnCuS2ICl,0.1735895574092865,0.40465620160102844
Zn1Ni3H4O8_1_20981.vasp.cif,ZnNi3H4O8,0.0492829754948616,-0.1443222463130951
Sc1S2Br1_8_15987.vasp.cif,ScS2Br,0.301986426115036,0.351522833108902
Ca1Cu2S8_89_2829.vasp.cif,CaCu2S8,0.26981431245803833,0.14952227473258972
Te2As2Cl2_156_18351.vasp.cif,Te2As2Cl2,0.13366304337978363,0.22853773832321167
Cd4Cl8_115_3624.vasp.cif,Cd4Cl8,0.3249455392360687,0.19123533368110657
Cs2B2C6N2O4F18_2_4659.vasp.cif,Cs2B2C6N2O4F18,0.45250624418258667,0.44949114322662354
Na2Br2O6_11_11994.vasp.cif,Na2Br2O6,0.12243585288524628,0.12728255987167358
Fe2W2O8F2_129_6032.vasp.cif,Fe2W2O8F2,0.0013974867761135101,0.05647379532456398
Ga1Se2O8_150_6274.vasp.cif,GaSe2O8,0.16254855692386627,0.11398813128471375
Pt4I2N3Cl2O1_1_14703.vasp.cif,Pt4I2N3Cl2O,0.2793034315109253,0.3162626624107361
Na1Ga1I4O12_2_11862.vasp.cif,NaGaI4O12,0.0514417439699173,0.12170079350471497
Cr2Te2C1_164_4518.vasp.cif,Cr2Te2C,0.24248860776424408,0.10562434047460556
Al2Sn2Se2_164_994.vasp.cif,Al2Sn2Se2,-0.9366229176521301,-1.1060975790023804
In2Te4Pd1_164_8633.vasp.cif,In2Te4Pd,0.02346249483525753,0.10456466674804688
Re2S6_11_15080.vasp.cif,Re2S6,0.29103049635887146,0.3605823516845703
Pd1Cl2_115_14359.vasp.cif,PdCl2,0.28297850489616394,0.5343958735466003
Al2In2F8_3_887.vasp.cif,Al2In2F8,0.4446919858455658,0.20678295195102692
Sr1Ag1Ge1Sb1S2Br2_1_17014.vasp.cif,SrAgGeSbS2Br2,0.06435360759496689,0.21046555042266846
Sr2Gd1S3_38_17224.vasp.cif,Sr2GdS3,0.5325926542282104,0.03849923238158226
